Order ID,Product,Category,Quantity Ordered,Price Each,Order Date,Purchase Address
146583,Macbook Pro Laptop,Computers,3,1700.0,01/07/25 01:00,"264 Spencer Path, Atlanta, GA"
685268,iPhone,Phones,1,700.0,02/20/25 06:03,"5409 Jonathan Rapids Suite 459, Los Angeles, CA"
363430,Wired Headphones,Electronics,1,11.99,02/17/25 14:21,"018 Denise Crest, Los Angeles, CA"
215845,Google Phone,Phones,2,600.0,03/02/25 19:12,"USNV Russo, Boston, MA"
944197,Bose SoundSport Headphones,Electronics,5,99.99,01/21/25 11:23,"7572 Freeman Turnpike, Austin, TX"
589492,Macbook Pro Laptop,Computers,5,1700.0,12/31/24 21:58,"59779 Stephen Trail Suite 156, New York, NY"
664108,AA Batteries (4-pack),Electronics,2,3.84,03/04/25 04:54,"38127 Cathy Mills, Atlanta, GA"
504774,Apple Airpods Headphones,Electronics,4,150.0,02/21/25 16:04,"347 Christine Valley Suite 227, Chicago, IL"
363853,34in Ultrawide Monitor,Monitors,3,379.99,05/13/25 16:29,"1758 Morgan Avenue Suite 836, Boston, MA"
681345,USB-C Charging Cable,Accessories,2,11.95,04/06/25 11:40,"91738 Price Walk Suite 110, Austin, TX"
507153,USB-C Charging Cable,Accessories,1,11.95,03/02/25 11:49,"632 Christian Prairie, Los Angeles, CA"
175259,Bose SoundSport Headphones,Electronics,1,99.99,05/15/25 10:23,"43377 Murray Highway, Chicago, IL"
915491,ThinkPad Laptop,Computers,1,999.99,12/10/24 17:42,"6711 Lisa Circle, Dallas, TX"
457825,Macbook Pro Laptop,Computers,3,1700.0,12/11/24 08:23,"530 Alexander Estates, Boston, MA"
790376,27in 4K Gaming Monitor,Monitors,5,399.99,03/08/25 05:02,"USNS Ray, San Francisco, CA"
723260,USB-C Charging Cable,Accessories,5,11.95,04/13/25 19:18,"4736 Erica Neck Suite 534, Austin, TX"
237832,Google Phone,Phones,2,600.0,01/11/25 03:49,"516 Mills Tunnel Apt. 754, New York, NY"
906976,ThinkPad Laptop,Computers,3,999.99,05/13/25 06:40,"190 Fox Circles Suite 102, Dallas, TX"
779228,27in 4K Gaming Monitor,Monitors,1,399.99,01/14/25 21:38,"6724 Lori Lock, Chicago, IL"
617206,AAA Batteries (4-pack),Electronics,1,2.99,01/08/25 03:05,"5025 Christina Prairie, San Francisco, CA"
119377,USB-C Charging Cable,Accessories,4,11.95,04/04/25 15:45,"1147 West River Apt. 218, Dallas, TX"
411032,AAA Batteries (4-pack),Electronics,5,2.99,05/05/25 09:40,"025 William Motorway, Dallas, TX"
173409,27in 4K Gaming Monitor,Monitors,3,399.99,03/05/25 17:27,"185 Gordon Glen Apt. 839, Dallas, TX"
952308,ThinkPad Laptop,Computers,4,999.99,01/17/25 21:33,"518 Rachel Parkways Apt. 695, Boston, MA"
557132,iPhone,Phones,2,700.0,02/27/25 17:13,"0039 Moore Point, Boston, MA"
745724,USB-C Charging Cable,Accessories,3,11.95,01/11/25 23:52,"41934 Huffman Turnpike Suite 816, Dallas, TX"
728345,Apple Airpods Headphones,Electronics,5,150.0,12/06/24 20:21,"8757 William Summit Apt. 310, Atlanta, GA"
790244,Google Phone,Phones,5,600.0,03/20/25 18:52,"301 Diana Haven, Atlanta, GA"
453953,34in Ultrawide Monitor,Monitors,1,379.99,03/01/25 21:30,"USS Gray, Chicago, IL"
750339,Bose SoundSport Headphones,Electronics,5,99.99,12/21/24 14:12,"36091 Weaver View, San Francisco, CA"
159566,ThinkPad Laptop,Computers,4,999.99,11/21/24 17:43,"763 Anna Harbors Suite 505, San Francisco, CA"
965153,27in 4K Gaming Monitor,Monitors,1,399.99,01/23/25 20:47,"5874 Jackson Drive, Chicago, IL"
335278,Lightning Charging Cable,Accessories,1,14.95,12/25/24 07:59,"27436 Philip Cliff Suite 352, Austin, TX"
413222,27in 4K Gaming Monitor,Monitors,2,399.99,04/20/25 16:22,"30780 Kelly Trafficway Apt. 986, Atlanta, GA"
903710,Lightning Charging Cable,Accessories,1,14.95,01/15/25 16:24,"95990 Lisa Mount, Atlanta, GA"
969484,Lightning Charging Cable,Accessories,2,14.95,11/21/24 02:34,"587 Herrera Burg, Chicago, IL"
448627,iPhone,Phones,2,700.0,12/06/24 21:03,"USS Allen, San Francisco, CA"
192563,Google Phone,Phones,2,600.0,05/17/25 00:42,"8581 Kyle Corner, Boston, MA"
616679,AAA Batteries (4-pack),Electronics,5,2.99,02/09/25 16:09,"26560 Cummings Crest Apt. 571, Seattle, WA"
750626,27in 4K Gaming Monitor,Monitors,3,399.99,12/23/24 05:39,"360 Amanda Parks, New York, NY"
270137,AA Batteries (4-pack),Electronics,2,3.84,05/08/25 02:17,"52642 Ethan Underpass, New York, NY"
784371,iPhone,Phones,5,700.0,02/01/25 22:43,"811 Yoder Plaza, Austin, TX"
869447,AA Batteries (4-pack),Electronics,5,3.84,12/05/24 14:13,"59551 Harrison Wall Apt. 661, Seattle, WA"
196254,AAA Batteries (4-pack),Electronics,2,2.99,03/12/25 04:10,"127 Ryan Point, Boston, MA"
680748,Bose SoundSport Headphones,Electronics,3,99.99,02/11/25 10:05,"36064 Greene Plaza Suite 208, Chicago, IL"
959523,Bose SoundSport Headphones,Electronics,4,99.99,05/11/25 20:13,"81959 Pham Hills Apt. 924, New York, NY"
275294,AA Batteries (4-pack),Electronics,5,3.84,01/02/25 04:31,"USNV Warren, Chicago, IL"
709703,AAA Batteries (4-pack),Electronics,2,2.99,12/06/24 05:35,"557 Roth Flats Apt. 152, New York, NY"
691595,Apple Airpods Headphones,Electronics,2,150.0,02/07/25 11:28,"PSC 3765, Los Angeles, CA"
735309,Bose SoundSport Headphones,Electronics,3,99.99,01/26/25 09:54,"66621 Ward Tunnel Suite 204, Dallas, TX"
607794,Apple Airpods Headphones,Electronics,1,150.0,04/09/25 20:17,"467 Holmes Trail, Boston, MA"
673579,AAA Batteries (4-pack),Electronics,2,2.99,01/07/25 19:33,"896 Hernandez Locks, Seattle, WA"
564086,Bose SoundSport Headphones,Electronics,3,99.99,05/19/25 05:00,"529 Miller Gardens, Los Angeles, CA"
561284,Wired Headphones,Electronics,2,11.99,01/21/25 23:39,"9267 David Shore, Los Angeles, CA"
571325,Lightning Charging Cable,Accessories,3,14.95,03/10/25 23:48,"299 Taylor Forge, Dallas, TX"
689943,AAA Batteries (4-pack),Electronics,4,2.99,03/20/25 10:03,"5020 Nguyen Well Apt. 850, Dallas, TX"
917968,34in Ultrawide Monitor,Monitors,1,379.99,05/05/25 19:33,"721 Denise Junction Suite 395, San Francisco, CA"
629449,34in Ultrawide Monitor,Monitors,1,379.99,03/26/25 20:33,"USCGC Kim, Los Angeles, CA"
656662,AA Batteries (4-pack),Electronics,4,3.84,02/21/25 09:07,"09856 Fuller Gateway, Boston, MA"
845843,ThinkPad Laptop,Computers,4,999.99,02/10/25 22:00,"53981 Landry Expressway, New York, NY"
199001,Lightning Charging Cable,Accessories,5,14.95,04/27/25 00:12,"70945 Scott Cliff Suite 529, Los Angeles, CA"
568317,34in Ultrawide Monitor,Monitors,1,379.99,01/22/25 23:51,"89803 Thomas Isle Apt. 052, Austin, TX"
275426,Bose SoundSport Headphones,Electronics,1,99.99,12/02/24 07:25,"874 Cheyenne Orchard, Los Angeles, CA"
470815,AA Batteries (4-pack),Electronics,4,3.84,12/16/24 08:51,"USNS Robinson, Los Angeles, CA"
933635,AA Batteries (4-pack),Electronics,2,3.84,11/22/24 03:17,"60773 John Mill Suite 486, Seattle, WA"
356459,USB-C Charging Cable,Accessories,1,11.95,04/25/25 19:08,"8049 Crawford Skyway, Los Angeles, CA"
164299,iPhone,Phones,2,700.0,01/24/25 23:12,"182 Todd Cliff, Boston, MA"
975317,Apple Airpods Headphones,Electronics,4,150.0,03/28/25 10:54,"482 Young Station, Los Angeles, CA"
990683,34in Ultrawide Monitor,Monitors,1,379.99,01/07/25 01:50,"9231 Amber Field Suite 071, Atlanta, GA"
521800,AAA Batteries (4-pack),Electronics,3,2.99,03/20/25 15:04,"265 Jensen Ferry Apt. 745, Seattle, WA"
871374,Apple Airpods Headphones,Electronics,1,150.0,01/07/25 16:49,"USCGC Sims, Austin, TX"
195279,Wired Headphones,Electronics,1,11.99,02/19/25 18:22,"625 Melissa Mills, Seattle, WA"
612681,27in 4K Gaming Monitor,Monitors,5,399.99,02/26/25 15:10,"5266 Rodriguez Keys Apt. 646, Austin, TX"
233100,USB-C Charging Cable,Accessories,3,11.95,05/11/25 22:26,"4309 Ricky Pass, Chicago, IL"
676478,ThinkPad Laptop,Computers,5,999.99,12/13/24 20:18,"21968 Kerr Plains Suite 694, Austin, TX"
272128,Apple Airpods Headphones,Electronics,1,150.0,03/31/25 18:22,"709 Lisa Turnpike Apt. 451, Austin, TX"
554742,iPhone,Phones,4,700.0,12/13/24 20:28,"28696 Jennifer Courts Apt. 187, Chicago, IL"
967980,ThinkPad Laptop,Computers,5,999.99,02/06/25 01:58,"84478 Snyder Motorway, Chicago, IL"
349806,iPhone,Phones,1,700.0,05/10/25 10:22,"296 Gregory Rapids, New York, NY"
681864,Lightning Charging Cable,Accessories,1,14.95,04/27/25 01:00,"63435 Sharon Ferry, San Francisco, CA"
828140,AA Batteries (4-pack),Electronics,4,3.84,02/10/25 17:33,"10348 Jesse Brooks, New York, NY"
927539,USB-C Charging Cable,Accessories,5,11.95,12/12/24 11:16,"8005 Sharon Field, Dallas, TX"
617537,USB-C Charging Cable,Accessories,5,11.95,12/28/24 03:35,"3335 Nelson Squares, New York, NY"
183908,Bose SoundSport Headphones,Electronics,4,99.99,12/25/24 20:51,"Unit 4383 Box 7578, Atlanta, GA"
823073,Bose SoundSport Headphones,Electronics,4,99.99,04/26/25 00:52,"39289 Porter Forge Apt. 465, Boston, MA"
380078,Google Phone,Phones,5,600.0,03/01/25 13:58,"81152 Sharp Street, Boston, MA"
737005,Macbook Pro Laptop,Computers,1,1700.0,01/12/25 02:41,"924 Sullivan Forest, Boston, MA"
667231,34in Ultrawide Monitor,Monitors,5,379.99,01/17/25 19:32,"383 Hall Motorway Suite 389, Chicago, IL"
653024,Bose SoundSport Headphones,Electronics,5,99.99,03/25/25 01:34,"8371 Brian Bypass Suite 132, New York, NY"
924922,AAA Batteries (4-pack),Electronics,3,2.99,05/11/25 18:22,"22158 Cantrell Radial Suite 105, Atlanta, GA"
905763,Wired Headphones,Electronics,1,11.99,03/18/25 12:48,"36437 Morris Ridge, Seattle, WA"
598599,USB-C Charging Cable,Accessories,1,11.95,02/02/25 14:22,"099 Ethan Lane, Austin, TX"
181208,Wired Headphones,Electronics,3,11.99,04/27/25 22:29,"691 Shannon Rapid, San Francisco, CA"
847545,iPhone,Phones,1,700.0,02/26/25 03:52,"429 Ramirez Neck, Chicago, IL"
999521,27in 4K Gaming Monitor,Monitors,2,399.99,02/01/25 21:11,"22613 Hayes Inlet, San Francisco, CA"
161157,AAA Batteries (4-pack),Electronics,2,2.99,11/19/24 04:46,"61269 Todd Street, Atlanta, GA"
507987,AAA Batteries (4-pack),Electronics,5,2.99,01/12/25 13:42,"1964 Byrd Turnpike, Dallas, TX"
640612,ThinkPad Laptop,Computers,5,999.99,01/29/25 07:10,"72092 Ray Ramp, Chicago, IL"
640398,USB-C Charging Cable,Accessories,2,11.95,11/22/24 02:30,"471 Berry Locks, Chicago, IL"
703667,AA Batteries (4-pack),Electronics,1,3.84,05/18/25 22:52,"32414 West Stream, Los Angeles, CA"
950670,ThinkPad Laptop,Computers,1,999.99,01/07/25 15:34,"07735 Matthew Underpass Apt. 283, New York, NY"
397354,AAA Batteries (4-pack),Electronics,3,2.99,12/06/24 20:40,"8209 Wheeler Flat Apt. 674, Seattle, WA"
882061,AAA Batteries (4-pack),Electronics,1,2.99,12/06/24 23:16,"4898 Heather Fords Suite 650, Chicago, IL"
817704,Bose SoundSport Headphones,Electronics,2,99.99,12/04/24 05:37,"8338 Kimberly Path, San Francisco, CA"
546020,AAA Batteries (4-pack),Electronics,1,2.99,11/26/24 19:32,"626 Barbara Path Suite 456, Seattle, WA"
248154,Lightning Charging Cable,Accessories,2,14.95,12/10/24 22:46,"09298 Ashley Avenue, Boston, MA"
667903,27in 4K Gaming Monitor,Monitors,3,399.99,12/29/24 19:08,"105 Jason Forest Suite 604, Los Angeles, CA"
552956,AAA Batteries (4-pack),Electronics,5,2.99,04/15/25 18:30,"69768 Virginia Pines, New York, NY"
495681,Macbook Pro Laptop,Computers,3,1700.0,12/03/24 07:59,"570 Poole Falls, San Francisco, CA"
308176,AAA Batteries (4-pack),Electronics,1,2.99,12/15/24 03:20,"921 Katelyn Prairie, Chicago, IL"
623375,Wired Headphones,Electronics,2,11.99,01/16/25 19:52,"9914 Price Street Apt. 411, Atlanta, GA"
211058,AAA Batteries (4-pack),Electronics,5,2.99,01/06/25 02:53,"621 Sherry Mission Suite 960, Boston, MA"
927199,Google Phone,Phones,5,600.0,04/13/25 20:17,"Unit 9407 Box 8162, Los Angeles, CA"
449004,Google Phone,Phones,1,600.0,12/10/24 04:18,"1457 Guzman View, Atlanta, GA"
927436,Bose SoundSport Headphones,Electronics,5,99.99,05/09/25 18:09,"06684 Joshua Tunnel, San Francisco, CA"
429087,ThinkPad Laptop,Computers,2,999.99,01/12/25 15:52,"4755 Ruiz Throughway, Dallas, TX"
478894,27in 4K Gaming Monitor,Monitors,3,399.99,12/23/24 04:02,"22324 Bowman Ports Suite 939, Chicago, IL"
292812,Bose SoundSport Headphones,Electronics,3,99.99,05/14/25 02:07,"Unit 4702 Box 9208, Atlanta, GA"
892316,34in Ultrawide Monitor,Monitors,1,379.99,03/16/25 23:03,"39501 Christy Brooks, Austin, TX"
951112,27in 4K Gaming Monitor,Monitors,4,399.99,03/24/25 01:44,"80963 Hopkins Roads, Austin, TX"
299841,AAA Batteries (4-pack),Electronics,4,2.99,02/16/25 08:18,"5568 Caitlin Drives Suite 208, Austin, TX"
583670,Macbook Pro Laptop,Computers,3,1700.0,02/24/25 06:10,"98543 Matthew Road, Boston, MA"
679338,Lightning Charging Cable,Accessories,3,14.95,05/13/25 01:29,"1321 Fernandez Park, Atlanta, GA"
693156,34in Ultrawide Monitor,Monitors,3,379.99,02/20/25 03:28,"94504 Gill Roads Suite 882, Los Angeles, CA"
861292,Apple Airpods Headphones,Electronics,1,150.0,04/21/25 05:36,"768 Goodwin Mission, Seattle, WA"
782063,Wired Headphones,Electronics,2,11.99,11/29/24 16:15,"881 Collins Groves Suite 301, San Francisco, CA"
704205,27in 4K Gaming Monitor,Monitors,4,399.99,12/19/24 14:17,"771 Coleman Squares, Los Angeles, CA"
722146,27in 4K Gaming Monitor,Monitors,1,399.99,01/26/25 18:43,"88799 Doyle Extension Suite 017, Seattle, WA"
784386,AA Batteries (4-pack),Electronics,1,3.84,05/19/25 21:31,"09366 Stewart Junction, Boston, MA"
591383,Bose SoundSport Headphones,Electronics,1,99.99,02/08/25 08:52,"797 Jasmine Shoals Apt. 549, Seattle, WA"
896566,ThinkPad Laptop,Computers,3,999.99,04/18/25 06:54,"3932 April Center, New York, NY"
235041,Wired Headphones,Electronics,4,11.99,04/10/25 03:39,"37013 Jacob Isle Suite 225, Dallas, TX"
993248,ThinkPad Laptop,Computers,2,999.99,04/05/25 12:34,"8706 Chelsey Fords, Dallas, TX"
664237,Google Phone,Phones,2,600.0,01/11/25 23:56,"86083 Garcia Stream Suite 365, Chicago, IL"
950308,AA Batteries (4-pack),Electronics,2,3.84,02/08/25 02:49,"USS Wright, Atlanta, GA"
316459,ThinkPad Laptop,Computers,5,999.99,04/14/25 16:07,"6300 Lopez View Apt. 966, Los Angeles, CA"
647228,34in Ultrawide Monitor,Monitors,1,379.99,12/28/24 12:57,"746 Valerie Plaza Apt. 864, Dallas, TX"
845743,Wired Headphones,Electronics,5,11.99,02/08/25 00:21,"USNV Garza, Chicago, IL"
395381,ThinkPad Laptop,Computers,3,999.99,02/24/25 14:42,"2185 Carlos Loop Apt. 578, New York, NY"
955515,Macbook Pro Laptop,Computers,1,1700.0,01/23/25 07:57,"5006 Clark Drive, Dallas, TX"
594624,USB-C Charging Cable,Accessories,3,11.95,02/11/25 11:11,"85019 Olivia Centers, Chicago, IL"
697618,AA Batteries (4-pack),Electronics,4,3.84,04/25/25 19:23,"593 Steven Bridge Suite 443, Atlanta, GA"
598112,34in Ultrawide Monitor,Monitors,1,379.99,12/30/24 06:11,"04278 Amy Wall, Chicago, IL"
899846,ThinkPad Laptop,Computers,3,999.99,01/17/25 11:38,"PSC 8954, New York, NY"
105996,34in Ultrawide Monitor,Monitors,4,379.99,12/24/24 13:01,"738 Julia Rue, Austin, TX"
790278,AA Batteries (4-pack),Electronics,2,3.84,01/09/25 22:25,"4468 Tony Fords Apt. 796, Dallas, TX"
520938,Bose SoundSport Headphones,Electronics,1,99.99,01/11/25 10:14,"212 Chavez Port Suite 555, Atlanta, GA"
402572,Macbook Pro Laptop,Computers,4,1700.0,04/24/25 04:03,"6566 Zachary Tunnel Suite 269, Chicago, IL"
787317,Bose SoundSport Headphones,Electronics,5,99.99,02/13/25 14:04,"22162 Howell Ramp Suite 507, Seattle, WA"
606747,ThinkPad Laptop,Computers,3,999.99,05/13/25 10:22,"Unit 2183 Box 2454, Los Angeles, CA"
328401,AAA Batteries (4-pack),Electronics,4,2.99,03/28/25 09:05,"9112 Brian Orchard, Chicago, IL"
510697,AA Batteries (4-pack),Electronics,2,3.84,03/10/25 03:32,"2336 Joshua Spur, Atlanta, GA"
635232,ThinkPad Laptop,Computers,4,999.99,11/22/24 07:41,"566 David Lights Suite 596, Los Angeles, CA"
700932,Bose SoundSport Headphones,Electronics,1,99.99,04/01/25 09:37,"586 Gutierrez Flat Apt. 038, New York, NY"
670538,ThinkPad Laptop,Computers,2,999.99,02/27/25 07:15,"029 Susan Squares Suite 530, Boston, MA"
104894,Lightning Charging Cable,Accessories,5,14.95,03/29/25 07:43,"99463 Eric Isle, Boston, MA"
202987,Bose SoundSport Headphones,Electronics,3,99.99,02/14/25 11:06,"8923 Callahan Port, Austin, TX"
855351,Apple Airpods Headphones,Electronics,1,150.0,12/05/24 23:17,"247 Banks Knoll Suite 040, Dallas, TX"
791466,Bose SoundSport Headphones,Electronics,1,99.99,05/17/25 12:12,"USCGC Owen, San Francisco, CA"
857249,Macbook Pro Laptop,Computers,5,1700.0,01/16/25 19:59,"1193 Moody Lodge Suite 203, New York, NY"
888720,Google Phone,Phones,4,600.0,02/06/25 20:46,"316 Melvin Walk Apt. 271, Boston, MA"
759713,Macbook Pro Laptop,Computers,2,1700.0,11/22/24 15:04,"972 Evans Inlet, San Francisco, CA"
426220,USB-C Charging Cable,Accessories,4,11.95,04/13/25 21:22,"7423 Carl Walks Suite 305, Chicago, IL"
178253,AAA Batteries (4-pack),Electronics,1,2.99,12/05/24 20:13,"53540 April Parkways, Dallas, TX"
555679,iPhone,Phones,3,700.0,02/04/25 22:57,"USNV Ramos, Chicago, IL"
282102,iPhone,Phones,5,700.0,03/21/25 02:34,"35818 Kennedy Square, Dallas, TX"
319468,Macbook Pro Laptop,Computers,1,1700.0,05/16/25 07:16,"USCGC Brooks, Boston, MA"
490374,ThinkPad Laptop,Computers,5,999.99,03/24/25 06:37,"22855 Sara Cove, Boston, MA"
399590,Apple Airpods Headphones,Electronics,3,150.0,01/17/25 04:41,"61362 Lee Valleys Suite 924, Dallas, TX"
829385,iPhone,Phones,5,700.0,12/02/24 20:51,"1021 Jennifer Groves Suite 736, New York, NY"
552552,Lightning Charging Cable,Accessories,5,14.95,11/20/24 02:43,"USCGC Burgess, Chicago, IL"
144085,34in Ultrawide Monitor,Monitors,4,379.99,12/13/24 10:33,"10477 Torres Shoals Apt. 670, Boston, MA"
418831,Google Phone,Phones,5,600.0,04/28/25 20:21,"81828 Chambers Square Apt. 723, Los Angeles, CA"
254590,Bose SoundSport Headphones,Electronics,1,99.99,01/25/25 22:58,"17490 Martinez Extensions Apt. 973, Dallas, TX"
734432,Lightning Charging Cable,Accessories,2,14.95,04/16/25 08:13,"906 Michele Views, Seattle, WA"
326126,AA Batteries (4-pack),Electronics,5,3.84,11/27/24 16:54,"11532 Tucker Street, Los Angeles, CA"
364483,Wired Headphones,Electronics,4,11.99,12/15/24 20:28,"568 Sharon Lodge, Los Angeles, CA"
606271,Lightning Charging Cable,Accessories,5,14.95,01/04/25 16:38,"49438 Huerta Spur, Los Angeles, CA"
977394,Apple Airpods Headphones,Electronics,5,150.0,12/24/24 02:36,"5774 Christopher Fort Suite 693, Los Angeles, CA"
887985,Bose SoundSport Headphones,Electronics,3,99.99,01/07/25 06:07,"9305 Stephanie Harbors Apt. 824, Dallas, TX"
216473,iPhone,Phones,2,700.0,01/18/25 13:10,"479 Michael Estates Suite 200, Chicago, IL"
771429,ThinkPad Laptop,Computers,4,999.99,02/06/25 18:26,"506 Page Glen Apt. 376, Los Angeles, CA"
692950,34in Ultrawide Monitor,Monitors,3,379.99,12/31/24 20:51,"220 Craig Radial Apt. 657, Dallas, TX"
970584,Macbook Pro Laptop,Computers,4,1700.0,02/04/25 00:05,"07534 Mark Harbor, Dallas, TX"
515770,34in Ultrawide Monitor,Monitors,5,379.99,12/03/24 21:05,"6759 Dale Keys, New York, NY"
651847,AA Batteries (4-pack),Electronics,5,3.84,02/27/25 08:14,"57944 Judy Circles Suite 876, Austin, TX"
387284,34in Ultrawide Monitor,Monitors,5,379.99,01/11/25 19:15,"71235 Christopher Cove, Dallas, TX"
879448,AA Batteries (4-pack),Electronics,3,3.84,12/25/24 11:38,"31375 Valencia Wall Suite 782, Austin, TX"
357023,Lightning Charging Cable,Accessories,2,14.95,01/27/25 19:12,"9881 Chavez Drive Apt. 025, Boston, MA"
884416,Lightning Charging Cable,Accessories,5,14.95,03/16/25 11:03,"Unit 1372 Box 9196, Los Angeles, CA"
797833,Wired Headphones,Electronics,1,11.99,04/06/25 04:09,"66274 George Gateway Suite 400, Chicago, IL"
527490,AA Batteries (4-pack),Electronics,4,3.84,03/13/25 00:53,"2048 Jackson Overpass, Chicago, IL"
209257,Wired Headphones,Electronics,2,11.99,04/19/25 05:39,"USCGC Burke, San Francisco, CA"
783542,iPhone,Phones,5,700.0,05/09/25 05:21,"645 Garcia Tunnel Suite 468, Atlanta, GA"
597680,Macbook Pro Laptop,Computers,3,1700.0,04/14/25 08:24,"047 Penny Drive, San Francisco, CA"
272520,ThinkPad Laptop,Computers,5,999.99,12/26/24 16:47,"56816 Simmons Highway Suite 588, Seattle, WA"
893745,USB-C Charging Cable,Accessories,4,11.95,02/21/25 22:46,"USNS Miller, San Francisco, CA"
745099,Lightning Charging Cable,Accessories,3,14.95,01/30/25 15:46,"06553 Kent Loaf Apt. 737, Los Angeles, CA"
483029,Bose SoundSport Headphones,Electronics,1,99.99,04/01/25 09:47,"2968 Laura Crescent, Los Angeles, CA"
914248,AA Batteries (4-pack),Electronics,3,3.84,05/10/25 12:22,"8583 Robinson Center Apt. 043, Seattle, WA"
805303,Bose SoundSport Headphones,Electronics,4,99.99,01/11/25 03:46,"Unit 2803 Box 4589, Seattle, WA"
596911,Wired Headphones,Electronics,3,11.99,01/22/25 02:07,"26804 Rodriguez Cove Apt. 583, New York, NY"
100317,Google Phone,Phones,5,600.0,03/06/25 10:00,"1678 Elliott River, Los Angeles, CA"
262849,Google Phone,Phones,3,600.0,04/13/25 21:00,"5969 Elizabeth Ports, Seattle, WA"
394200,Lightning Charging Cable,Accessories,4,14.95,04/15/25 03:25,"6096 Anne Plaza Apt. 324, Chicago, IL"
539533,AA Batteries (4-pack),Electronics,4,3.84,01/17/25 17:28,"513 Kristin Camp, Seattle, WA"
173102,iPhone,Phones,1,700.0,03/10/25 17:09,"4206 Harris Expressway Suite 669, Boston, MA"
943345,27in 4K Gaming Monitor,Monitors,1,399.99,12/01/24 09:39,"68346 Hodges Turnpike Apt. 534, New York, NY"
428317,Wired Headphones,Electronics,3,11.99,03/21/25 05:30,"606 David Vista, Chicago, IL"
164963,AA Batteries (4-pack),Electronics,1,3.84,01/05/25 04:27,"3958 Ashley Villages, Los Angeles, CA"
271645,Apple Airpods Headphones,Electronics,1,150.0,02/20/25 20:43,"766 Blankenship Brooks Suite 311, Seattle, WA"
959792,Macbook Pro Laptop,Computers,4,1700.0,03/04/25 09:17,"USNS Brown, Atlanta, GA"
443059,ThinkPad Laptop,Computers,1,999.99,05/14/25 18:48,"2217 Anderson Route Suite 145, San Francisco, CA"
303437,Macbook Pro Laptop,Computers,3,1700.0,03/21/25 17:47,"1728 Rebecca Vista, San Francisco, CA"
987399,34in Ultrawide Monitor,Monitors,5,379.99,02/23/25 15:02,"104 Robinson Field, Atlanta, GA"
791628,Bose SoundSport Headphones,Electronics,5,99.99,11/25/24 11:48,"61701 Miles Ridge Suite 176, Seattle, WA"
264094,AAA Batteries (4-pack),Electronics,2,2.99,01/08/25 07:52,"7346 Timothy Loaf Apt. 008, New York, NY"
323616,Apple Airpods Headphones,Electronics,5,150.0,02/01/25 01:04,"225 Wright Skyway, San Francisco, CA"
465264,Wired Headphones,Electronics,1,11.99,02/16/25 00:33,"743 Amanda Mills Apt. 354, Dallas, TX"
721947,Google Phone,Phones,3,600.0,02/05/25 13:08,"6565 Cory Isle Suite 793, Los Angeles, CA"
885338,Macbook Pro Laptop,Computers,1,1700.0,03/16/25 03:57,"Unit 7223 Box 4307, New York, NY"
241758,Bose SoundSport Headphones,Electronics,5,99.99,03/26/25 05:59,"8792 Robert Plain Apt. 665, Dallas, TX"
540975,34in Ultrawide Monitor,Monitors,4,379.99,04/05/25 15:05,"607 Christopher Parkway Suite 504, Chicago, IL"
375740,AA Batteries (4-pack),Electronics,4,3.84,12/02/24 20:32,"14106 Hector Spurs, Atlanta, GA"
319340,iPhone,Phones,2,700.0,05/02/25 02:15,"959 Mathis Road, Los Angeles, CA"
153395,AAA Batteries (4-pack),Electronics,2,2.99,12/19/24 06:46,"PSC 3756, San Francisco, CA"
949745,ThinkPad Laptop,Computers,2,999.99,03/14/25 05:11,"1195 Brian Shore Apt. 037, New York, NY"
910497,Macbook Pro Laptop,Computers,1,1700.0,02/26/25 00:05,"72311 John Key, New York, NY"
775259,Apple Airpods Headphones,Electronics,2,150.0,04/07/25 18:58,"90061 Lopez Trail, Seattle, WA"
983045,ThinkPad Laptop,Computers,2,999.99,12/29/24 18:02,"326 Melinda Garden, New York, NY"
564414,Macbook Pro Laptop,Computers,1,1700.0,05/01/25 17:45,"02496 Stevens Rapids, San Francisco, CA"
712821,27in 4K Gaming Monitor,Monitors,2,399.99,03/05/25 14:40,"828 Rivera Fork Apt. 277, Austin, TX"
477292,USB-C Charging Cable,Accessories,2,11.95,03/22/25 00:25,"1709 Heath Cape, Austin, TX"
285269,Macbook Pro Laptop,Computers,3,1700.0,01/29/25 15:36,"580 Veronica Oval, Austin, TX"
854984,Google Phone,Phones,2,600.0,03/04/25 03:00,"79451 Christine Estate, Atlanta, GA"
876807,AAA Batteries (4-pack),Electronics,4,2.99,04/16/25 10:22,"835 Benjamin Dam Suite 656, Austin, TX"
805745,Macbook Pro Laptop,Computers,4,1700.0,03/19/25 01:27,"0036 Weaver Summit, Dallas, TX"
280171,27in 4K Gaming Monitor,Monitors,1,399.99,11/25/24 01:34,"20462 Kelly Squares Suite 486, Boston, MA"
293662,Google Phone,Phones,3,600.0,12/15/24 11:35,"7199 Ryan Stream Suite 519, Seattle, WA"
305516,Wired Headphones,Electronics,2,11.99,05/05/25 12:55,"7246 Christopher Branch, Boston, MA"
447128,ThinkPad Laptop,Computers,3,999.99,01/20/25 21:06,"03029 Collins Trail Apt. 028, Boston, MA"
766961,Apple Airpods Headphones,Electronics,4,150.0,02/21/25 12:28,"USNV Green, Boston, MA"
968402,USB-C Charging Cable,Accessories,4,11.95,12/18/24 07:04,"9229 Pearson Ferry, San Francisco, CA"
384573,AA Batteries (4-pack),Electronics,4,3.84,02/04/25 11:33,"29169 Love Falls Apt. 739, New York, NY"
816994,Bose SoundSport Headphones,Electronics,4,99.99,03/14/25 13:55,"25603 Conner Unions, Austin, TX"
558061,27in 4K Gaming Monitor,Monitors,3,399.99,02/01/25 23:14,"Unit 6841 Box 5508, Boston, MA"
861608,Lightning Charging Cable,Accessories,1,14.95,03/29/25 07:06,"097 Castillo Lodge Apt. 295, Seattle, WA"
580233,27in 4K Gaming Monitor,Monitors,1,399.99,01/05/25 03:17,"555 Dennis Drive Apt. 891, Los Angeles, CA"
196457,27in 4K Gaming Monitor,Monitors,4,399.99,02/20/25 21:01,"8323 Collier Field Apt. 941, Chicago, IL"
349557,34in Ultrawide Monitor,Monitors,5,379.99,05/10/25 10:06,"PSC 4069, Los Angeles, CA"
807145,27in 4K Gaming Monitor,Monitors,2,399.99,05/11/25 13:42,"5257 Amanda Terrace, San Francisco, CA"
228592,Macbook Pro Laptop,Computers,1,1700.0,04/14/25 14:23,"06660 Paul Forks, Atlanta, GA"
431541,iPhone,Phones,4,700.0,11/20/24 17:45,"Unit 6875 Box 6357, Atlanta, GA"
241499,AAA Batteries (4-pack),Electronics,4,2.99,01/05/25 10:54,"9165 Walton Light, San Francisco, CA"
757559,iPhone,Phones,2,700.0,03/15/25 17:39,"9476 Jimmy Fork Suite 491, Seattle, WA"
759432,34in Ultrawide Monitor,Monitors,3,379.99,11/22/24 13:28,"44895 Joseph Falls, Seattle, WA"
161109,Macbook Pro Laptop,Computers,3,1700.0,03/12/25 22:35,"876 Nguyen Rest Suite 936, Chicago, IL"
254345,USB-C Charging Cable,Accessories,2,11.95,02/22/25 02:37,"8775 Blevins Overpass, Boston, MA"
909729,iPhone,Phones,2,700.0,02/22/25 07:22,"475 Olson Lodge, Dallas, TX"
716810,AA Batteries (4-pack),Electronics,3,3.84,03/15/25 03:17,"464 Julie Vista Suite 979, Seattle, WA"
435193,Wired Headphones,Electronics,1,11.99,02/16/25 21:51,"26208 Brian Field, Seattle, WA"
466833,AAA Batteries (4-pack),Electronics,1,2.99,12/20/24 10:55,"7057 Hill Throughway Suite 395, Boston, MA"
530007,Wired Headphones,Electronics,2,11.99,04/01/25 05:05,"755 Janet Ridge Apt. 916, Seattle, WA"
254457,AAA Batteries (4-pack),Electronics,5,2.99,03/05/25 20:08,"81367 Mercado Squares, Dallas, TX"
273970,Macbook Pro Laptop,Computers,4,1700.0,05/03/25 02:12,"54440 Amy Mission Suite 395, New York, NY"
264150,iPhone,Phones,1,700.0,05/18/25 08:41,"USNV Wright, Atlanta, GA"
378185,AAA Batteries (4-pack),Electronics,5,2.99,05/11/25 21:22,"788 Kelly Hills Apt. 788, New York, NY"
527025,ThinkPad Laptop,Computers,4,999.99,05/08/25 14:52,"69885 Santiago Ranch Suite 235, Chicago, IL"
986832,AA Batteries (4-pack),Electronics,3,3.84,11/28/24 10:25,"54119 Arnold Loop, Dallas, TX"
949612,Wired Headphones,Electronics,4,11.99,02/04/25 08:08,"867 Curry Track Suite 589, Los Angeles, CA"
359845,34in Ultrawide Monitor,Monitors,5,379.99,02/06/25 13:13,"28912 Maynard Ranch Apt. 457, San Francisco, CA"
576783,AAA Batteries (4-pack),Electronics,2,2.99,05/18/25 01:41,"83398 Smith Forks, Boston, MA"
501110,ThinkPad Laptop,Computers,2,999.99,03/06/25 16:41,"444 Ball Plain, Chicago, IL"
225131,27in 4K Gaming Monitor,Monitors,2,399.99,12/29/24 22:05,"86010 Medina Heights Apt. 069, Los Angeles, CA"
358184,USB-C Charging Cable,Accessories,4,11.95,04/27/25 21:23,"USNV Allen, Boston, MA"
911952,Wired Headphones,Electronics,1,11.99,01/31/25 13:56,"364 Sandra Mountain, New York, NY"
209684,iPhone,Phones,1,700.0,01/22/25 14:13,"974 William Courts, Dallas, TX"
946806,AAA Batteries (4-pack),Electronics,5,2.99,02/03/25 00:13,"9483 Lisa Divide Suite 056, New York, NY"
471532,AAA Batteries (4-pack),Electronics,2,2.99,01/11/25 14:02,"6103 Grant Crescent Suite 426, Dallas, TX"
150044,ThinkPad Laptop,Computers,1,999.99,12/09/24 11:51,"946 Hanson Expressway, Los Angeles, CA"
387486,34in Ultrawide Monitor,Monitors,1,379.99,12/08/24 18:56,"5059 Bennett Manor, Dallas, TX"
444070,Wired Headphones,Electronics,2,11.99,03/08/25 12:46,"USNV Simon, San Francisco, CA"
523656,AAA Batteries (4-pack),Electronics,3,2.99,11/26/24 10:37,"220 Kyle Wells Apt. 377, Chicago, IL"
970915,ThinkPad Laptop,Computers,3,999.99,03/19/25 15:03,"208 Mark Crossing Apt. 743, Los Angeles, CA"
207591,ThinkPad Laptop,Computers,2,999.99,01/19/25 14:46,"Unit 5204 Box 2193, New York, NY"
971936,USB-C Charging Cable,Accessories,3,11.95,04/25/25 02:18,"35067 Perez Way, New York, NY"
894303,Apple Airpods Headphones,Electronics,4,150.0,03/14/25 23:17,"156 Dennis Island, San Francisco, CA"
723419,27in 4K Gaming Monitor,Monitors,2,399.99,01/15/25 04:16,"Unit 8794 Box 2011, Chicago, IL"
290837,USB-C Charging Cable,Accessories,2,11.95,04/09/25 22:02,"3636 Atkins Club, Austin, TX"
954532,Bose SoundSport Headphones,Electronics,5,99.99,11/19/24 02:27,"709 Gibson Pine, San Francisco, CA"
922324,AA Batteries (4-pack),Electronics,2,3.84,03/28/25 16:40,"780 Brett Mountains, Seattle, WA"
392299,Lightning Charging Cable,Accessories,1,14.95,11/30/24 17:06,"2165 Michael Crossroad, Atlanta, GA"
204434,AA Batteries (4-pack),Electronics,3,3.84,02/28/25 13:28,"752 Butler Key Suite 231, Seattle, WA"
791349,Google Phone,Phones,3,600.0,01/27/25 18:49,"674 Wood Fords, Seattle, WA"
991689,34in Ultrawide Monitor,Monitors,4,379.99,12/31/24 22:11,"0337 Richard Course Suite 509, Boston, MA"
625247,Google Phone,Phones,4,600.0,03/13/25 23:06,"531 Brianna Ways Apt. 549, New York, NY"
329977,Wired Headphones,Electronics,5,11.99,04/05/25 05:13,"606 Linda Squares, New York, NY"
313438,Lightning Charging Cable,Accessories,2,14.95,03/26/25 07:03,"08822 Wyatt Vista Suite 819, Dallas, TX"
724934,iPhone,Phones,1,700.0,04/13/25 01:45,"70781 Angela Ports Suite 518, Boston, MA"
805781,Lightning Charging Cable,Accessories,4,14.95,04/14/25 13:19,"81293 Johnson Harbors, Boston, MA"
236283,27in 4K Gaming Monitor,Monitors,3,399.99,01/24/25 06:56,"13968 Taylor Mills Apt. 377, Boston, MA"
576183,Macbook Pro Laptop,Computers,1,1700.0,12/12/24 07:19,"742 Nicole Mount, Chicago, IL"
833938,Macbook Pro Laptop,Computers,2,1700.0,05/02/25 15:02,"Unit 8380 Box 3569, San Francisco, CA"
939695,AAA Batteries (4-pack),Electronics,4,2.99,12/09/24 22:25,"363 Hicks Underpass, Seattle, WA"
593140,Macbook Pro Laptop,Computers,5,1700.0,05/18/25 02:57,"56036 Lisa Fort, Atlanta, GA"
907907,Macbook Pro Laptop,Computers,3,1700.0,05/17/25 00:23,"2314 Michelle Ridges Suite 599, Atlanta, GA"
897375,AAA Batteries (4-pack),Electronics,2,2.99,03/09/25 16:02,"39882 Aaron Street, New York, NY"
999539,Lightning Charging Cable,Accessories,2,14.95,01/26/25 05:13,"76252 May Trail, Los Angeles, CA"
981323,AAA Batteries (4-pack),Electronics,1,2.99,04/23/25 19:10,"88199 Davis Heights Apt. 011, Los Angeles, CA"
346857,Wired Headphones,Electronics,3,11.99,04/23/25 11:28,"981 Washington Rest Suite 272, Chicago, IL"
498342,ThinkPad Laptop,Computers,2,999.99,03/31/25 07:11,"17598 Jeffrey Creek Suite 966, San Francisco, CA"
140527,34in Ultrawide Monitor,Monitors,1,379.99,12/18/24 04:14,"USNV Flores, San Francisco, CA"
225770,34in Ultrawide Monitor,Monitors,1,379.99,05/16/25 14:54,"8227 Katherine Cape Suite 390, Boston, MA"
447380,Bose SoundSport Headphones,Electronics,5,99.99,03/10/25 08:35,"65544 Murphy Coves, Boston, MA"
218525,Apple Airpods Headphones,Electronics,2,150.0,04/26/25 16:57,"193 Cline Mission Suite 781, Chicago, IL"
266595,Google Phone,Phones,3,600.0,12/13/24 13:24,"595 Atkinson Inlet Suite 003, Dallas, TX"
123063,Lightning Charging Cable,Accessories,4,14.95,12/06/24 10:40,"PSC 8197, New York, NY"
979789,AA Batteries (4-pack),Electronics,2,3.84,04/16/25 11:04,"6187 Megan Haven, Seattle, WA"
619483,Lightning Charging Cable,Accessories,3,14.95,12/25/24 12:23,"69328 Williams Brook Suite 528, New York, NY"
917710,Wired Headphones,Electronics,4,11.99,03/09/25 06:28,"0898 Anthony Parkway Suite 289, New York, NY"
931005,Google Phone,Phones,4,600.0,03/30/25 10:35,"628 Jennifer Hollow, San Francisco, CA"
120067,AAA Batteries (4-pack),Electronics,4,2.99,03/21/25 06:28,"51726 Horne View, Atlanta, GA"
342647,USB-C Charging Cable,Accessories,3,11.95,01/02/25 20:07,"57667 Jenkins Lodge, San Francisco, CA"
908643,34in Ultrawide Monitor,Monitors,5,379.99,03/03/25 02:56,"15692 Hayes Pine Suite 493, Los Angeles, CA"
364869,34in Ultrawide Monitor,Monitors,2,379.99,03/12/25 06:14,"35669 Amanda Corners Suite 748, Atlanta, GA"
591782,USB-C Charging Cable,Accessories,4,11.95,12/27/24 14:07,"3975 Mikayla Fort, Atlanta, GA"
137271,34in Ultrawide Monitor,Monitors,3,379.99,05/05/25 00:45,"34614 Davis Road, Chicago, IL"
739988,27in 4K Gaming Monitor,Monitors,3,399.99,03/15/25 10:21,"68066 Torres Track, Los Angeles, CA"
469419,Wired Headphones,Electronics,2,11.99,05/06/25 09:05,"1925 Gray Rest Apt. 305, Dallas, TX"
654161,iPhone,Phones,2,700.0,12/10/24 03:58,"33328 Andrew Field, New York, NY"
136394,USB-C Charging Cable,Accessories,1,11.95,04/05/25 11:29,"566 Jacqueline Flats, Chicago, IL"
331442,AAA Batteries (4-pack),Electronics,2,2.99,03/15/25 21:41,"5897 Lee Forges, Atlanta, GA"
732048,iPhone,Phones,2,700.0,11/23/24 11:34,"USNS Black, San Francisco, CA"
729902,Wired Headphones,Electronics,4,11.99,04/07/25 04:29,"72092 Ashley Village Apt. 233, Austin, TX"
563308,Wired Headphones,Electronics,2,11.99,02/20/25 01:51,"3229 Macias Mount, Chicago, IL"
905368,Wired Headphones,Electronics,5,11.99,12/25/24 09:16,"21164 Sanders Light Suite 403, Chicago, IL"
124699,iPhone,Phones,2,700.0,11/29/24 01:54,"3881 Black Lake Suite 379, Austin, TX"
367534,ThinkPad Laptop,Computers,1,999.99,05/06/25 17:03,"39604 Heidi Turnpike Apt. 251, San Francisco, CA"
471165,AAA Batteries (4-pack),Electronics,1,2.99,11/27/24 18:58,"PSC 4452, Seattle, WA"
131273,Apple Airpods Headphones,Electronics,5,150.0,02/20/25 04:54,"1521 Spears Expressway Apt. 113, Seattle, WA"
245330,Macbook Pro Laptop,Computers,3,1700.0,12/24/24 06:01,"6797 Barnes Center Suite 803, San Francisco, CA"
427965,AA Batteries (4-pack),Electronics,5,3.84,01/16/25 08:46,"357 Rodriguez Unions, Austin, TX"
675921,Apple Airpods Headphones,Electronics,3,150.0,05/15/25 23:22,"6317 Andrews Squares Suite 976, Chicago, IL"
423964,Bose SoundSport Headphones,Electronics,5,99.99,02/18/25 21:39,"47785 West Ridge, Boston, MA"
339207,Macbook Pro Laptop,Computers,5,1700.0,03/12/25 18:28,"52522 Scott Islands Suite 378, San Francisco, CA"
202135,27in 4K Gaming Monitor,Monitors,2,399.99,05/11/25 23:47,"13127 Rangel Village, Los Angeles, CA"
811501,USB-C Charging Cable,Accessories,1,11.95,02/06/25 07:42,"75206 Teresa Divide Suite 762, Atlanta, GA"
406891,Wired Headphones,Electronics,5,11.99,01/25/25 11:16,"USNS Adams, Austin, TX"
224183,Apple Airpods Headphones,Electronics,5,150.0,04/06/25 12:18,"2025 Beck Well, Dallas, TX"
409351,USB-C Charging Cable,Accessories,3,11.95,03/31/25 21:00,"563 Mason Crossing Suite 294, San Francisco, CA"
223394,Bose SoundSport Headphones,Electronics,5,99.99,01/10/25 01:43,"545 Elizabeth Cove Apt. 292, Chicago, IL"
736081,AAA Batteries (4-pack),Electronics,3,2.99,03/21/25 13:43,"29427 Green Street, Chicago, IL"
103031,Macbook Pro Laptop,Computers,4,1700.0,01/14/25 22:35,"67114 Robert Isle, Dallas, TX"
185176,34in Ultrawide Monitor,Monitors,1,379.99,12/20/24 17:30,"362 Raymond Drive Suite 268, Los Angeles, CA"
131526,Wired Headphones,Electronics,2,11.99,03/16/25 01:48,"80323 Janet Flat Suite 230, Seattle, WA"
396200,Lightning Charging Cable,Accessories,4,14.95,04/10/25 13:26,"949 Chad Shore, San Francisco, CA"
915039,Macbook Pro Laptop,Computers,3,1700.0,05/15/25 04:35,"65586 Dylan Springs Suite 141, Atlanta, GA"
283049,USB-C Charging Cable,Accessories,2,11.95,05/09/25 09:37,"18509 Ashley Gardens Apt. 776, Austin, TX"
398397,ThinkPad Laptop,Computers,4,999.99,11/23/24 12:48,"724 Bianca Cape, New York, NY"
265947,AA Batteries (4-pack),Electronics,3,3.84,12/06/24 01:47,"Unit 9622 Box 9416, Chicago, IL"
170042,Google Phone,Phones,5,600.0,03/24/25 13:49,"97394 Castro Throughway Apt. 297, Atlanta, GA"
580393,27in 4K Gaming Monitor,Monitors,3,399.99,05/11/25 05:46,"PSC 6184, Dallas, TX"
173862,USB-C Charging Cable,Accessories,2,11.95,03/29/25 08:38,"594 Angela Haven, Los Angeles, CA"
705262,Macbook Pro Laptop,Computers,4,1700.0,04/22/25 14:52,"05717 Amber Flat Apt. 777, Los Angeles, CA"
709067,27in 4K Gaming Monitor,Monitors,2,399.99,01/30/25 09:34,"Unit 2949 Box 3536, Atlanta, GA"
213680,Apple Airpods Headphones,Electronics,2,150.0,12/26/24 16:51,"Unit 4837 Box 5379, Los Angeles, CA"
865999,iPhone,Phones,1,700.0,05/10/25 20:25,"0223 Denise Points Apt. 386, Austin, TX"
616875,Lightning Charging Cable,Accessories,4,14.95,01/30/25 14:32,"42051 Randall Roads, San Francisco, CA"
639163,Macbook Pro Laptop,Computers,5,1700.0,01/28/25 10:42,"423 Tony Plains, Seattle, WA"
384777,Google Phone,Phones,4,600.0,01/11/25 22:22,"Unit 8181 Box 9658, San Francisco, CA"
388649,27in 4K Gaming Monitor,Monitors,5,399.99,03/14/25 03:32,"37334 Miller Brook Apt. 972, Austin, TX"
718001,ThinkPad Laptop,Computers,4,999.99,04/05/25 07:11,"909 Herrera Extension Apt. 434, Chicago, IL"
942119,Google Phone,Phones,5,600.0,01/31/25 09:36,"USCGC Henderson, Austin, TX"
738266,USB-C Charging Cable,Accessories,2,11.95,04/03/25 13:19,"0293 Karen Oval Suite 555, Boston, MA"
102119,iPhone,Phones,3,700.0,11/26/24 17:49,"USNS Johnson, Boston, MA"
743243,AA Batteries (4-pack),Electronics,5,3.84,12/10/24 15:50,"091 Avila Plains, Seattle, WA"
786419,iPhone,Phones,3,700.0,11/19/24 05:18,"PSC 0006, San Francisco, CA"
368736,ThinkPad Laptop,Computers,3,999.99,12/11/24 17:24,"558 Angela Greens, Chicago, IL"
287839,Bose SoundSport Headphones,Electronics,1,99.99,04/17/25 16:28,"0974 Justin Station Apt. 036, Seattle, WA"
256960,AA Batteries (4-pack),Electronics,3,3.84,03/02/25 21:22,"PSC 6290, Los Angeles, CA"
566006,AAA Batteries (4-pack),Electronics,3,2.99,03/20/25 19:44,"8449 Madeline Villages Apt. 303, Chicago, IL"
733751,Google Phone,Phones,5,600.0,02/28/25 06:33,"4792 Leonard Ford, Atlanta, GA"
407478,USB-C Charging Cable,Accessories,3,11.95,03/06/25 16:00,"558 Fischer Mountains Apt. 473, Atlanta, GA"
297036,ThinkPad Laptop,Computers,2,999.99,12/10/24 11:19,"140 Bruce Field Suite 039, Atlanta, GA"
636764,AAA Batteries (4-pack),Electronics,3,2.99,04/20/25 22:43,"083 Garcia Burg Suite 401, San Francisco, CA"
183134,Bose SoundSport Headphones,Electronics,2,99.99,02/25/25 18:25,"9942 Hampton Bridge, Austin, TX"
498237,iPhone,Phones,5,700.0,05/19/25 00:28,"PSC 3570, Chicago, IL"
488836,iPhone,Phones,2,700.0,11/26/24 20:00,"12994 Diaz Hills Suite 125, Austin, TX"
460126,USB-C Charging Cable,Accessories,3,11.95,04/06/25 06:45,"85829 Morrison Cape Suite 465, New York, NY"
385982,USB-C Charging Cable,Accessories,2,11.95,03/18/25 22:28,"USS Harmon, Atlanta, GA"
624314,Macbook Pro Laptop,Computers,5,1700.0,03/09/25 12:16,"295 Cheryl Camp, Boston, MA"
211047,USB-C Charging Cable,Accessories,3,11.95,05/09/25 13:49,"008 Colleen Grove, Dallas, TX"
474776,USB-C Charging Cable,Accessories,4,11.95,03/13/25 14:08,"8758 Bell Hill Apt. 136, Austin, TX"
989163,Wired Headphones,Electronics,1,11.99,01/27/25 09:28,"4038 Patel Spring Apt. 112, Atlanta, GA"
952889,Wired Headphones,Electronics,4,11.99,02/28/25 05:54,"1709 Lang Plains Apt. 069, New York, NY"
695861,USB-C Charging Cable,Accessories,4,11.95,12/26/24 00:45,"451 Adams Trafficway, Los Angeles, CA"
632831,Macbook Pro Laptop,Computers,3,1700.0,01/22/25 11:07,"4260 Anthony Parkways, Austin, TX"
255381,Macbook Pro Laptop,Computers,3,1700.0,03/15/25 08:10,"951 Gonzalez Land Apt. 971, Boston, MA"
533225,USB-C Charging Cable,Accessories,5,11.95,01/31/25 23:41,"9538 Robert Views, Austin, TX"
296623,iPhone,Phones,2,700.0,12/31/24 18:03,"2226 Raymond Court Suite 351, Dallas, TX"
657026,Bose SoundSport Headphones,Electronics,2,99.99,01/16/25 05:11,"05585 Melissa Plain Apt. 936, Austin, TX"
892277,Apple Airpods Headphones,Electronics,3,150.0,02/25/25 14:33,"USS Clark, Atlanta, GA"
426412,Macbook Pro Laptop,Computers,3,1700.0,04/16/25 00:19,"6698 William Mountains, Austin, TX"
493356,AAA Batteries (4-pack),Electronics,5,2.99,01/14/25 07:59,"USCGC Moran, Los Angeles, CA"
402505,Lightning Charging Cable,Accessories,1,14.95,02/26/25 15:08,"809 Stevens Streets, Austin, TX"
256278,34in Ultrawide Monitor,Monitors,1,379.99,02/16/25 16:53,"8713 Christine Falls, Austin, TX"
312009,Lightning Charging Cable,Accessories,3,14.95,01/06/25 14:55,"374 Shepherd Mission, Seattle, WA"
774989,iPhone,Phones,2,700.0,02/26/25 08:29,"0955 Henderson Forge, Los Angeles, CA"
477903,iPhone,Phones,3,700.0,03/20/25 21:43,"855 Lambert Shores, Boston, MA"
274922,iPhone,Phones,4,700.0,03/09/25 10:44,"822 Fowler Path Suite 398, Atlanta, GA"
683286,ThinkPad Laptop,Computers,1,999.99,01/14/25 08:02,"71438 Ford Springs, New York, NY"
791303,Bose SoundSport Headphones,Electronics,4,99.99,01/20/25 10:13,"55570 Diana Crest, San Francisco, CA"
500448,Google Phone,Phones,2,600.0,03/30/25 08:05,"75081 Casey Camp Suite 637, Los Angeles, CA"
297167,AA Batteries (4-pack),Electronics,5,3.84,03/02/25 03:52,"768 Tyler Extensions Suite 958, New York, NY"
146894,Google Phone,Phones,1,600.0,03/30/25 15:15,"36538 Thomas Forge Suite 994, Atlanta, GA"
544690,USB-C Charging Cable,Accessories,2,11.95,01/25/25 23:19,"89673 Wood Run, Atlanta, GA"
629107,Macbook Pro Laptop,Computers,5,1700.0,12/19/24 03:42,"198 Graham Ranch Suite 574, Chicago, IL"
611583,AA Batteries (4-pack),Electronics,2,3.84,02/14/25 12:27,"7238 Rebecca Squares Suite 016, San Francisco, CA"
479078,Wired Headphones,Electronics,2,11.99,04/26/25 12:28,"7239 Jacob Forge Suite 102, New York, NY"
760435,iPhone,Phones,4,700.0,01/03/25 00:52,"553 Joann Streets, Chicago, IL"
779093,Apple Airpods Headphones,Electronics,3,150.0,01/17/25 20:07,"8280 Gina Estate Suite 668, New York, NY"
135438,ThinkPad Laptop,Computers,5,999.99,01/28/25 03:10,"416 Bass Port, Los Angeles, CA"
913294,AA Batteries (4-pack),Electronics,2,3.84,12/30/24 10:47,"1532 Wiggins Estate Apt. 220, New York, NY"
994100,34in Ultrawide Monitor,Monitors,1,379.99,02/11/25 14:35,"64330 Blair Point, Los Angeles, CA"
728196,AAA Batteries (4-pack),Electronics,1,2.99,03/22/25 19:30,"64167 Rocha Island Suite 301, Dallas, TX"
546018,Macbook Pro Laptop,Computers,5,1700.0,12/13/24 10:39,"PSC 3318, New York, NY"
322244,Google Phone,Phones,2,600.0,03/13/25 14:14,"Unit 9193 Box 6472, Dallas, TX"
670162,Lightning Charging Cable,Accessories,2,14.95,01/13/25 09:12,"9221 Brown Track, Dallas, TX"
390647,ThinkPad Laptop,Computers,2,999.99,12/14/24 20:09,"2897 Macias Fords, Atlanta, GA"
279281,Macbook Pro Laptop,Computers,1,1700.0,02/11/25 02:08,"12106 Jenkins Ramp, Dallas, TX"
321179,Bose SoundSport Headphones,Electronics,1,99.99,12/10/24 12:02,"66924 Aaron Hills Apt. 199, Seattle, WA"
605925,USB-C Charging Cable,Accessories,1,11.95,01/24/25 04:22,"14796 Austin Unions Suite 665, San Francisco, CA"
787535,USB-C Charging Cable,Accessories,5,11.95,12/02/24 06:32,"5159 Christina Landing Suite 100, Atlanta, GA"
324037,34in Ultrawide Monitor,Monitors,2,379.99,02/04/25 21:29,"USS Briggs, Boston, MA"
714473,34in Ultrawide Monitor,Monitors,3,379.99,02/19/25 02:10,"7464 Kline Streets, Los Angeles, CA"
449058,34in Ultrawide Monitor,Monitors,4,379.99,04/10/25 18:12,"214 Phillips Via, San Francisco, CA"
582727,Google Phone,Phones,3,600.0,05/11/25 23:30,"2513 Brittany Light, Seattle, WA"
258297,iPhone,Phones,3,700.0,03/20/25 08:23,"3201 Cobb Flat, New York, NY"
309486,AAA Batteries (4-pack),Electronics,3,2.99,12/08/24 16:22,"39911 Santos Freeway Apt. 766, Boston, MA"
319588,USB-C Charging Cable,Accessories,1,11.95,04/22/25 20:15,"572 Ashley Ville, Dallas, TX"
743058,AAA Batteries (4-pack),Electronics,2,2.99,05/12/25 21:21,"7813 Miranda Course Suite 820, Dallas, TX"
990824,Apple Airpods Headphones,Electronics,5,150.0,03/28/25 22:44,"4648 Hoffman Mountain, New York, NY"
508288,27in 4K Gaming Monitor,Monitors,2,399.99,02/02/25 19:07,"08508 Cynthia Prairie, Seattle, WA"
938498,Wired Headphones,Electronics,2,11.99,02/26/25 13:37,"7203 Smith Inlet, Dallas, TX"
408406,ThinkPad Laptop,Computers,4,999.99,03/02/25 09:01,"1435 Paula Overpass, San Francisco, CA"
716096,USB-C Charging Cable,Accessories,4,11.95,01/14/25 05:40,"68396 Hill Throughway, Boston, MA"
207756,ThinkPad Laptop,Computers,3,999.99,12/19/24 11:20,"222 Thompson Square Suite 827, San Francisco, CA"
923391,Wired Headphones,Electronics,2,11.99,04/14/25 16:02,"39666 Hudson Drives Apt. 270, San Francisco, CA"
808964,Apple Airpods Headphones,Electronics,2,150.0,03/28/25 09:16,"449 Williams Route, San Francisco, CA"
719399,Macbook Pro Laptop,Computers,1,1700.0,12/05/24 08:27,"750 Todd Prairie Apt. 772, Dallas, TX"
213029,Google Phone,Phones,4,600.0,04/09/25 20:08,"3064 Emily Grove Apt. 465, Atlanta, GA"
710053,Lightning Charging Cable,Accessories,4,14.95,01/14/25 15:26,"574 Rivera Extensions Suite 004, New York, NY"
421875,Macbook Pro Laptop,Computers,5,1700.0,05/06/25 11:09,"97675 Ellis Port Suite 521, Chicago, IL"
246496,Macbook Pro Laptop,Computers,1,1700.0,04/07/25 23:54,"040 Kayla Roads, Atlanta, GA"
248315,USB-C Charging Cable,Accessories,4,11.95,05/03/25 13:57,"319 Kevin Rapids Suite 271, Austin, TX"
708216,ThinkPad Laptop,Computers,3,999.99,04/20/25 12:00,"8266 Anthony Course Suite 192, New York, NY"
516019,AAA Batteries (4-pack),Electronics,5,2.99,01/23/25 17:25,"8542 Wolf Alley Apt. 407, Boston, MA"
579374,Bose SoundSport Headphones,Electronics,1,99.99,04/03/25 19:40,"712 Emily Wells Apt. 547, Boston, MA"
698350,Bose SoundSport Headphones,Electronics,5,99.99,12/31/24 23:14,"23494 Lopez Union Suite 410, Chicago, IL"
101773,27in 4K Gaming Monitor,Monitors,5,399.99,11/26/24 06:37,"615 Fernando Cliff Suite 911, San Francisco, CA"
100855,Wired Headphones,Electronics,4,11.99,03/17/25 16:06,"39513 Martinez Avenue Apt. 457, San Francisco, CA"
275070,ThinkPad Laptop,Computers,5,999.99,01/03/25 21:00,"3504 Scott Drive Suite 859, Chicago, IL"
898729,USB-C Charging Cable,Accessories,5,11.95,03/03/25 10:07,"1346 Jacqueline Stream, Atlanta, GA"
597792,AA Batteries (4-pack),Electronics,2,3.84,01/05/25 10:16,"62698 Amy Parkway, San Francisco, CA"
121951,27in 4K Gaming Monitor,Monitors,3,399.99,05/10/25 09:53,"255 Kyle Crest Suite 183, Chicago, IL"
305699,USB-C Charging Cable,Accessories,1,11.95,12/19/24 04:48,"734 Doyle Burg, Dallas, TX"
741501,ThinkPad Laptop,Computers,1,999.99,03/21/25 14:28,"Unit 4387 Box 1018, Boston, MA"
558014,Macbook Pro Laptop,Computers,1,1700.0,03/12/25 15:11,"7930 Kimberly Ridges, New York, NY"
930244,Bose SoundSport Headphones,Electronics,1,99.99,01/01/25 17:35,"49174 Amy Port, Boston, MA"
883560,USB-C Charging Cable,Accessories,2,11.95,03/18/25 22:30,"183 Garcia Trail, Seattle, WA"
651517,Wired Headphones,Electronics,2,11.99,02/18/25 00:30,"Unit 6403 Box 5117, San Francisco, CA"
285708,Macbook Pro Laptop,Computers,5,1700.0,02/22/25 14:23,"7841 Jeremy Plain Apt. 664, New York, NY"
746217,USB-C Charging Cable,Accessories,4,11.95,01/08/25 18:19,"2741 Stephanie Plaza, Seattle, WA"
784135,Apple Airpods Headphones,Electronics,5,150.0,01/09/25 13:36,"0839 Mclaughlin Oval, Chicago, IL"
245982,AA Batteries (4-pack),Electronics,3,3.84,03/14/25 19:38,"Unit 6864 Box 5933, San Francisco, CA"
296386,Google Phone,Phones,2,600.0,12/28/24 07:04,"741 Matthew Way, Dallas, TX"
401804,iPhone,Phones,1,700.0,04/27/25 13:11,"Unit 1206 Box 3846, Dallas, TX"
150957,Lightning Charging Cable,Accessories,1,14.95,04/19/25 13:39,"7587 Thomas Dale Suite 349, New York, NY"
880127,Lightning Charging Cable,Accessories,4,14.95,11/26/24 04:10,"1086 Frank Ferry, San Francisco, CA"
332140,AAA Batteries (4-pack),Electronics,4,2.99,02/24/25 06:09,"7541 Coffey Prairie, Boston, MA"
934722,34in Ultrawide Monitor,Monitors,4,379.99,04/22/25 14:27,"293 Kim Rapids, Boston, MA"
469573,USB-C Charging Cable,Accessories,1,11.95,03/30/25 14:27,"5315 Crane Lakes, Boston, MA"
450651,AAA Batteries (4-pack),Electronics,1,2.99,03/23/25 21:19,"58180 Blake Spur Suite 897, New York, NY"
851880,27in 4K Gaming Monitor,Monitors,5,399.99,04/01/25 03:34,"Unit 9549 Box 6881, Austin, TX"
952472,AAA Batteries (4-pack),Electronics,1,2.99,03/28/25 23:38,"93667 Smith Ports, Chicago, IL"
551724,Macbook Pro Laptop,Computers,1,1700.0,05/03/25 17:27,"PSC 7590, Los Angeles, CA"
478591,Lightning Charging Cable,Accessories,5,14.95,04/30/25 23:41,"PSC 8621, Dallas, TX"
807389,Lightning Charging Cable,Accessories,4,14.95,04/14/25 11:03,"6496 Randy Lock Suite 398, Seattle, WA"
757752,Lightning Charging Cable,Accessories,1,14.95,12/12/24 17:22,"5365 Kirby Underpass Suite 700, San Francisco, CA"
617506,Apple Airpods Headphones,Electronics,3,150.0,03/13/25 02:23,"99597 Garner Cliff Apt. 586, Dallas, TX"
492113,Wired Headphones,Electronics,3,11.99,12/02/24 14:39,"17702 Charles Oval Apt. 443, Austin, TX"
144821,Lightning Charging Cable,Accessories,2,14.95,03/22/25 23:04,"82258 Peter Orchard Suite 206, Seattle, WA"
699056,AAA Batteries (4-pack),Electronics,2,2.99,05/04/25 01:40,"3682 John Mills, Boston, MA"
395946,USB-C Charging Cable,Accessories,1,11.95,12/29/24 23:10,"1356 Jeffrey Rapids, San Francisco, CA"
499759,ThinkPad Laptop,Computers,4,999.99,12/14/24 21:07,"53822 Graham Ports Suite 582, Chicago, IL"
515116,Bose SoundSport Headphones,Electronics,3,99.99,12/07/24 02:13,"6949 Tonya Hills Suite 535, Los Angeles, CA"
892763,34in Ultrawide Monitor,Monitors,2,379.99,01/23/25 18:53,"901 Brenda Rapid Apt. 394, Boston, MA"
516958,iPhone,Phones,1,700.0,04/13/25 03:47,"68668 Christopher Gateway Suite 914, Boston, MA"
158163,27in 4K Gaming Monitor,Monitors,4,399.99,04/10/25 21:48,"1230 Moore Expressway Suite 232, Austin, TX"
328161,Lightning Charging Cable,Accessories,4,14.95,02/21/25 02:55,"USNS Rios, Atlanta, GA"
219141,Bose SoundSport Headphones,Electronics,2,99.99,11/20/24 21:06,"630 Christopher Manors, Seattle, WA"
510426,Bose SoundSport Headphones,Electronics,4,99.99,04/16/25 01:56,"79085 Jason Via Suite 136, New York, NY"
449988,AA Batteries (4-pack),Electronics,2,3.84,05/09/25 06:59,"858 Chavez Rue Suite 278, San Francisco, CA"
721252,AA Batteries (4-pack),Electronics,1,3.84,12/26/24 04:06,"059 Lopez Fall, San Francisco, CA"
482156,Macbook Pro Laptop,Computers,5,1700.0,04/23/25 02:41,"2197 Carlson Plains Suite 838, Los Angeles, CA"
913795,34in Ultrawide Monitor,Monitors,2,379.99,03/09/25 20:57,"056 Harper Oval Apt. 149, Los Angeles, CA"
175362,iPhone,Phones,2,700.0,04/18/25 13:12,"59956 Chelsey Causeway, San Francisco, CA"
485010,AAA Batteries (4-pack),Electronics,3,2.99,04/05/25 07:45,"198 Sharp Divide, Boston, MA"
941866,iPhone,Phones,4,700.0,04/29/25 08:08,"Unit 9366 Box 1505, Austin, TX"
180417,Macbook Pro Laptop,Computers,1,1700.0,01/26/25 15:55,"9168 Kimberly Groves Suite 004, Los Angeles, CA"
597503,Lightning Charging Cable,Accessories,5,14.95,02/26/25 22:33,"862 Shannon Locks Suite 218, Atlanta, GA"
443585,Apple Airpods Headphones,Electronics,4,150.0,12/21/24 08:41,"842 William Land Apt. 803, Atlanta, GA"
112169,iPhone,Phones,4,700.0,05/02/25 09:22,"Unit 1170 Box 7856, San Francisco, CA"
381084,34in Ultrawide Monitor,Monitors,3,379.99,11/28/24 03:58,"776 Jimenez Rue, Seattle, WA"
392781,USB-C Charging Cable,Accessories,1,11.95,04/18/25 01:59,"46198 Harold Vista, New York, NY"
344998,AAA Batteries (4-pack),Electronics,5,2.99,11/30/24 09:57,"687 Thomas Drive, Boston, MA"
548555,AAA Batteries (4-pack),Electronics,3,2.99,04/26/25 08:20,"PSC 8267, Chicago, IL"
918816,Wired Headphones,Electronics,5,11.99,12/26/24 14:42,"6689 Marshall Ferry Apt. 416, Boston, MA"
399355,AAA Batteries (4-pack),Electronics,2,2.99,01/05/25 09:32,"79028 Morgan Point, Austin, TX"
967630,Wired Headphones,Electronics,4,11.99,12/19/24 21:27,"98360 Stacy Port, Chicago, IL"
226182,34in Ultrawide Monitor,Monitors,3,379.99,04/21/25 21:34,"5052 Kelly Trail Suite 735, San Francisco, CA"
130477,Macbook Pro Laptop,Computers,5,1700.0,02/04/25 21:44,"2957 Christine Mews, San Francisco, CA"
571729,Wired Headphones,Electronics,4,11.99,03/16/25 10:48,"749 Roberts Vista Apt. 983, New York, NY"
296043,Macbook Pro Laptop,Computers,1,1700.0,02/10/25 22:44,"229 Andrea Ferry, Dallas, TX"
159862,USB-C Charging Cable,Accessories,1,11.95,02/07/25 21:36,"Unit 2233 Box 9118, Boston, MA"
536663,34in Ultrawide Monitor,Monitors,5,379.99,12/27/24 08:01,"5758 Perkins Lake Apt. 044, Austin, TX"
789299,iPhone,Phones,2,700.0,05/18/25 13:41,"838 Cole Circles, Seattle, WA"
628667,Lightning Charging Cable,Accessories,2,14.95,12/24/24 12:26,"103 Martinez Crescent Apt. 340, Austin, TX"
403338,Bose SoundSport Headphones,Electronics,5,99.99,12/10/24 05:13,"1176 Horne Causeway, San Francisco, CA"
453642,Lightning Charging Cable,Accessories,1,14.95,02/10/25 03:43,"64101 Harris Underpass, San Francisco, CA"
216582,AAA Batteries (4-pack),Electronics,5,2.99,12/02/24 18:27,"PSC 4083, Chicago, IL"
810451,Bose SoundSport Headphones,Electronics,3,99.99,02/15/25 23:46,"4697 Callahan Skyway Apt. 630, Los Angeles, CA"
929653,Macbook Pro Laptop,Computers,1,1700.0,03/20/25 00:04,"318 Maria Cove, San Francisco, CA"
419384,27in 4K Gaming Monitor,Monitors,2,399.99,03/09/25 15:00,"028 Heather Rapids Apt. 196, Atlanta, GA"
273272,34in Ultrawide Monitor,Monitors,5,379.99,01/11/25 10:39,"PSC 4072, Atlanta, GA"
595896,USB-C Charging Cable,Accessories,5,11.95,01/14/25 23:20,"57970 Nathan Parkways, New York, NY"
479911,AAA Batteries (4-pack),Electronics,4,2.99,02/21/25 08:37,"459 Miller Via Suite 545, Seattle, WA"
108104,AA Batteries (4-pack),Electronics,4,3.84,12/04/24 23:48,"6885 Martinez Trail, Los Angeles, CA"
214093,Lightning Charging Cable,Accessories,3,14.95,01/24/25 08:28,"157 Branch Fort, Austin, TX"
420341,Apple Airpods Headphones,Electronics,3,150.0,04/09/25 19:32,"45711 Washington Turnpike Suite 965, New York, NY"
349752,Lightning Charging Cable,Accessories,3,14.95,05/11/25 22:11,"48790 Kimberly Path, Seattle, WA"
197238,AA Batteries (4-pack),Electronics,3,3.84,02/05/25 20:54,"24566 Matthew Wells, Boston, MA"
161989,34in Ultrawide Monitor,Monitors,1,379.99,11/30/24 02:58,"62010 Ashley Ramp, Austin, TX"
348943,Bose SoundSport Headphones,Electronics,1,99.99,02/25/25 14:27,"391 Vincent Overpass Suite 934, Chicago, IL"
326107,34in Ultrawide Monitor,Monitors,1,379.99,01/28/25 11:40,"8064 Gerald Ports, Chicago, IL"
124663,iPhone,Phones,3,700.0,04/17/25 18:06,"73467 Patricia Orchard Apt. 127, Atlanta, GA"
621593,Apple Airpods Headphones,Electronics,4,150.0,03/07/25 09:10,"47128 Henry Fall Apt. 975, Chicago, IL"
676567,ThinkPad Laptop,Computers,2,999.99,12/28/24 09:53,"40807 Robinson Orchard Suite 953, Los Angeles, CA"
825360,AA Batteries (4-pack),Electronics,5,3.84,02/07/25 10:43,"9773 Thomas Spurs Apt. 541, Austin, TX"
600967,Google Phone,Phones,2,600.0,12/23/24 07:41,"1016 Aguilar Keys, San Francisco, CA"
128859,Bose SoundSport Headphones,Electronics,5,99.99,05/13/25 04:02,"010 Heidi Club Apt. 808, New York, NY"
551343,Macbook Pro Laptop,Computers,5,1700.0,05/04/25 11:56,"3187 Michael Ports Suite 333, San Francisco, CA"
365146,Bose SoundSport Headphones,Electronics,3,99.99,01/16/25 18:53,"3652 Simmons Centers, Boston, MA"
691589,AAA Batteries (4-pack),Electronics,5,2.99,01/15/25 23:19,"476 Carter Fort Apt. 725, Austin, TX"
643366,AA Batteries (4-pack),Electronics,4,3.84,11/24/24 04:44,"208 Savage Valley Apt. 941, New York, NY"
977146,Apple Airpods Headphones,Electronics,1,150.0,05/14/25 13:48,"3270 Davis Pines Suite 314, San Francisco, CA"
271056,34in Ultrawide Monitor,Monitors,5,379.99,04/20/25 16:46,"1218 Jermaine Plains Suite 564, Boston, MA"
424027,Google Phone,Phones,1,600.0,02/13/25 18:54,"1809 Francis Ports, Dallas, TX"
790433,iPhone,Phones,4,700.0,05/17/25 11:59,"33917 Samantha Plains Apt. 024, Atlanta, GA"
696387,Bose SoundSport Headphones,Electronics,4,99.99,03/16/25 20:32,"PSC 7438, Boston, MA"
599557,Google Phone,Phones,3,600.0,01/27/25 06:48,"508 Mullins Isle, San Francisco, CA"
456614,Wired Headphones,Electronics,3,11.99,01/25/25 06:58,"247 Mendoza Drive, Los Angeles, CA"
360247,iPhone,Phones,4,700.0,12/20/24 22:47,"995 Mark Squares Apt. 537, Austin, TX"
926027,ThinkPad Laptop,Computers,3,999.99,11/19/24 06:53,"28756 Lisa Terrace, Atlanta, GA"
929880,Lightning Charging Cable,Accessories,4,14.95,04/16/25 08:39,"382 Brown Crossing Apt. 727, Los Angeles, CA"
471622,iPhone,Phones,4,700.0,03/27/25 00:09,"55280 John Plain, Chicago, IL"
846474,Bose SoundSport Headphones,Electronics,4,99.99,12/07/24 23:37,"27730 Alyssa Isle, Dallas, TX"
843444,Lightning Charging Cable,Accessories,3,14.95,11/19/24 10:17,"84689 Graham Freeway, Chicago, IL"
140490,USB-C Charging Cable,Accessories,5,11.95,05/09/25 12:46,"27782 Silva Locks Suite 846, San Francisco, CA"
722251,Lightning Charging Cable,Accessories,3,14.95,02/13/25 15:22,"36027 Jorge Ranch, Atlanta, GA"
132984,27in 4K Gaming Monitor,Monitors,4,399.99,12/24/24 20:43,"163 Lisa Plains, Chicago, IL"
370159,USB-C Charging Cable,Accessories,1,11.95,05/03/25 23:17,"6315 Hernandez Bridge, New York, NY"
365029,AAA Batteries (4-pack),Electronics,5,2.99,01/27/25 01:43,"0992 Young Spurs, Atlanta, GA"
306926,34in Ultrawide Monitor,Monitors,4,379.99,01/29/25 21:46,"9544 Clark Well, Austin, TX"
642038,iPhone,Phones,1,700.0,02/03/25 18:47,"7209 Miller Underpass Apt. 976, San Francisco, CA"
816275,Google Phone,Phones,2,600.0,01/17/25 08:30,"416 Shelby Stravenue Suite 262, Dallas, TX"
559465,Wired Headphones,Electronics,4,11.99,12/22/24 23:49,"576 Young Drive, Dallas, TX"
460530,Google Phone,Phones,4,600.0,03/29/25 18:35,"996 Fritz Lane Apt. 170, Atlanta, GA"
939208,iPhone,Phones,1,700.0,03/19/25 18:09,"8570 Angela Light, Atlanta, GA"
759561,Wired Headphones,Electronics,2,11.99,01/26/25 13:08,"23629 Jennifer Turnpike Suite 912, Dallas, TX"
675034,AAA Batteries (4-pack),Electronics,2,2.99,03/13/25 12:07,"405 Martinez Greens Apt. 016, Boston, MA"
247153,34in Ultrawide Monitor,Monitors,2,379.99,11/21/24 01:50,"56130 Heather Inlet, Austin, TX"
291778,USB-C Charging Cable,Accessories,4,11.95,01/09/25 12:04,"3723 Johnson Mall Suite 646, Austin, TX"
358086,AAA Batteries (4-pack),Electronics,1,2.99,01/04/25 20:48,"04889 Hill Tunnel, Seattle, WA"
876780,ThinkPad Laptop,Computers,3,999.99,12/05/24 10:06,"89557 Mueller Mall, Atlanta, GA"
247101,27in 4K Gaming Monitor,Monitors,4,399.99,01/26/25 18:15,"53720 Gillespie Spurs Suite 810, New York, NY"
870444,Lightning Charging Cable,Accessories,1,14.95,05/11/25 16:54,"86616 Dixon Way, Atlanta, GA"
950195,Apple Airpods Headphones,Electronics,2,150.0,03/29/25 11:08,"34160 David Orchard, Atlanta, GA"
402347,Google Phone,Phones,1,600.0,05/12/25 18:17,"9250 Kathleen Fork, Chicago, IL"
604041,Bose SoundSport Headphones,Electronics,5,99.99,03/13/25 11:20,"031 Alyssa Freeway Apt. 809, Atlanta, GA"
705018,AAA Batteries (4-pack),Electronics,4,2.99,05/01/25 06:46,"Unit 6526 Box 5964, Atlanta, GA"
365430,34in Ultrawide Monitor,Monitors,1,379.99,12/31/24 00:42,"65305 Kane Key Suite 368, Dallas, TX"
283389,Bose SoundSport Headphones,Electronics,4,99.99,12/09/24 22:09,"PSC 2156, Chicago, IL"
128113,ThinkPad Laptop,Computers,3,999.99,03/13/25 09:22,"97752 Carlos Ville, Los Angeles, CA"
956755,27in 4K Gaming Monitor,Monitors,1,399.99,01/29/25 06:57,"095 Brandt Brook, Dallas, TX"
208619,ThinkPad Laptop,Computers,3,999.99,02/11/25 16:13,"USNS Smith, Chicago, IL"
813484,Macbook Pro Laptop,Computers,5,1700.0,03/02/25 10:22,"692 Michael Forge Suite 843, Dallas, TX"
565127,Wired Headphones,Electronics,4,11.99,01/12/25 19:58,"9754 Newman Glens, Chicago, IL"
933079,Google Phone,Phones,2,600.0,04/03/25 10:33,"154 Barker Squares, Austin, TX"
355511,USB-C Charging Cable,Accessories,4,11.95,05/18/25 20:45,"PSC 4482, Dallas, TX"
591875,34in Ultrawide Monitor,Monitors,3,379.99,05/20/25 00:20,"19673 Kathleen Drive Apt. 982, San Francisco, CA"
504475,Lightning Charging Cable,Accessories,2,14.95,04/10/25 12:53,"154 Bentley Ridges Suite 319, Chicago, IL"
373947,Lightning Charging Cable,Accessories,5,14.95,01/27/25 23:25,"92763 Lauren Circle Apt. 434, Boston, MA"
497993,27in 4K Gaming Monitor,Monitors,1,399.99,01/18/25 23:01,"85944 Cody Grove, San Francisco, CA"
217326,ThinkPad Laptop,Computers,4,999.99,05/19/25 06:52,"30837 Kayla Gardens Suite 986, Austin, TX"
362891,USB-C Charging Cable,Accessories,1,11.95,04/10/25 06:05,"PSC 2395, Chicago, IL"
125731,Lightning Charging Cable,Accessories,5,14.95,03/15/25 14:13,"912 Ramirez Trafficway, Atlanta, GA"
747069,Google Phone,Phones,2,600.0,05/12/25 06:22,"USS Melendez, Atlanta, GA"
788041,Lightning Charging Cable,Accessories,5,14.95,04/13/25 06:14,"7063 Timothy Parkways, Boston, MA"
780529,AA Batteries (4-pack),Electronics,4,3.84,05/07/25 17:29,"72127 Taylor Drive Suite 317, Boston, MA"
138311,Macbook Pro Laptop,Computers,2,1700.0,01/22/25 13:48,"USNV Anderson, Boston, MA"
273367,34in Ultrawide Monitor,Monitors,5,379.99,03/19/25 21:59,"Unit 3994 Box 0864, Boston, MA"
790548,AA Batteries (4-pack),Electronics,1,3.84,05/11/25 07:55,"157 Branch Brook Apt. 068, San Francisco, CA"
493645,27in 4K Gaming Monitor,Monitors,4,399.99,03/09/25 15:17,"293 William Run, San Francisco, CA"
904479,AAA Batteries (4-pack),Electronics,3,2.99,04/18/25 07:58,"55934 Jamie Roads Apt. 101, Chicago, IL"
345017,Lightning Charging Cable,Accessories,5,14.95,11/25/24 14:26,"984 Patterson Flats Suite 991, Dallas, TX"
929177,Wired Headphones,Electronics,3,11.99,03/01/25 02:00,"22456 Danielle Coves, Chicago, IL"
885099,Apple Airpods Headphones,Electronics,4,150.0,03/11/25 17:33,"76216 Stacey Shores, Los Angeles, CA"
278163,AAA Batteries (4-pack),Electronics,2,2.99,11/21/24 00:35,"23605 Perez Isle Apt. 463, Atlanta, GA"
600087,Bose SoundSport Headphones,Electronics,2,99.99,11/20/24 13:09,"8466 Hunter Drives, Boston, MA"
867706,Lightning Charging Cable,Accessories,3,14.95,03/31/25 04:55,"USCGC Walker, New York, NY"
619312,Wired Headphones,Electronics,2,11.99,12/26/24 13:27,"1655 Porter Crossroad, Los Angeles, CA"
241483,Wired Headphones,Electronics,3,11.99,03/10/25 12:53,"836 Fitzgerald Mill Apt. 881, Boston, MA"
126179,Lightning Charging Cable,Accessories,3,14.95,04/26/25 20:45,"1275 Claudia Plain Suite 230, Chicago, IL"
355128,Wired Headphones,Electronics,3,11.99,03/11/25 12:35,"93944 Anita Summit Apt. 026, Los Angeles, CA"
433950,Macbook Pro Laptop,Computers,4,1700.0,01/20/25 19:28,"6414 Cynthia Square, New York, NY"
724495,Bose SoundSport Headphones,Electronics,5,99.99,01/27/25 09:01,"9352 Brooke Union Apt. 222, Los Angeles, CA"
889540,AA Batteries (4-pack),Electronics,5,3.84,03/21/25 22:37,"5172 Stephanie Gardens, New York, NY"
140630,USB-C Charging Cable,Accessories,2,11.95,12/10/24 02:17,"7206 Sanchez Forges Suite 726, Chicago, IL"
397888,Lightning Charging Cable,Accessories,5,14.95,11/22/24 17:18,"9226 Jeremy Row, San Francisco, CA"
874639,Wired Headphones,Electronics,3,11.99,03/10/25 16:57,"4943 Herman Roads Apt. 426, San Francisco, CA"
254237,Lightning Charging Cable,Accessories,1,14.95,04/29/25 11:02,"222 Perez Court Apt. 020, Austin, TX"
954586,Apple Airpods Headphones,Electronics,4,150.0,12/19/24 15:28,"0925 Samantha Glens, Chicago, IL"
232236,Macbook Pro Laptop,Computers,3,1700.0,02/05/25 10:12,"409 Patrick Green, Dallas, TX"
421168,iPhone,Phones,4,700.0,12/19/24 07:35,"51263 Mcbride Bypass, Austin, TX"
620128,Bose SoundSport Headphones,Electronics,2,99.99,12/12/24 08:47,"0088 Chambers Loop Suite 273, New York, NY"
647059,USB-C Charging Cable,Accessories,1,11.95,04/18/25 02:12,"Unit 4899 Box 9019, Chicago, IL"
794315,34in Ultrawide Monitor,Monitors,4,379.99,01/06/25 22:03,"2864 Wright Lakes Apt. 881, Los Angeles, CA"
423058,Wired Headphones,Electronics,1,11.99,05/10/25 21:35,"97958 Gomez Cape Suite 316, Los Angeles, CA"
924220,ThinkPad Laptop,Computers,4,999.99,12/07/24 15:02,"USS Flores, Dallas, TX"
898147,Macbook Pro Laptop,Computers,3,1700.0,05/08/25 21:57,"9735 Beck Crossroad, Seattle, WA"
213465,34in Ultrawide Monitor,Monitors,3,379.99,03/28/25 01:50,"990 Smith Club Suite 757, San Francisco, CA"
177848,Lightning Charging Cable,Accessories,4,14.95,02/23/25 15:26,"117 Lisa Avenue Apt. 854, Los Angeles, CA"
967629,ThinkPad Laptop,Computers,4,999.99,03/23/25 16:54,"588 Sheri Prairie Suite 589, San Francisco, CA"
338483,AA Batteries (4-pack),Electronics,5,3.84,03/25/25 12:51,"0537 Melanie Greens Apt. 985, New York, NY"
374876,34in Ultrawide Monitor,Monitors,1,379.99,05/01/25 16:14,"75109 Patricia Shoals, New York, NY"
940141,Lightning Charging Cable,Accessories,2,14.95,01/14/25 05:34,"676 Matthew Wells Suite 394, New York, NY"
337243,iPhone,Phones,5,700.0,12/19/24 08:21,"69551 Lambert Squares Apt. 471, Atlanta, GA"
688218,Google Phone,Phones,2,600.0,03/13/25 18:49,"12329 Reed Flats Suite 887, Chicago, IL"
732138,34in Ultrawide Monitor,Monitors,1,379.99,03/07/25 22:15,"1704 Amy Falls Apt. 111, Chicago, IL"
584170,Bose SoundSport Headphones,Electronics,1,99.99,04/20/25 01:18,"2411 Steven Field, Los Angeles, CA"
101924,USB-C Charging Cable,Accessories,2,11.95,03/03/25 01:54,"01057 Heather Points Apt. 517, New York, NY"
195321,27in 4K Gaming Monitor,Monitors,5,399.99,12/28/24 12:09,"3297 Sarah Mountains Suite 818, Los Angeles, CA"
478707,iPhone,Phones,2,700.0,04/08/25 06:46,"747 Rachel Expressway, Boston, MA"
675532,Google Phone,Phones,5,600.0,04/03/25 15:05,"7211 Robertson Greens, Atlanta, GA"
842497,34in Ultrawide Monitor,Monitors,1,379.99,01/18/25 08:45,"663 Sara Avenue, Seattle, WA"
910046,Bose SoundSport Headphones,Electronics,3,99.99,11/24/24 03:41,"910 Jamie Place, Atlanta, GA"
573350,34in Ultrawide Monitor,Monitors,5,379.99,01/21/25 22:24,"7865 Kayla Stream, Boston, MA"
556319,Wired Headphones,Electronics,3,11.99,04/22/25 21:13,"05564 Jackson Burg Apt. 847, Boston, MA"
500182,Google Phone,Phones,5,600.0,04/18/25 11:00,"666 Brennan Cove Suite 525, Boston, MA"
361679,iPhone,Phones,3,700.0,02/26/25 14:18,"PSC 7503, Los Angeles, CA"
636466,Macbook Pro Laptop,Computers,4,1700.0,05/06/25 09:00,"USS Wright, Dallas, TX"
786429,iPhone,Phones,2,700.0,03/19/25 20:04,"PSC 5126, San Francisco, CA"
404259,AAA Batteries (4-pack),Electronics,3,2.99,01/28/25 13:56,"10086 Sharon Walk Suite 294, San Francisco, CA"
904223,Macbook Pro Laptop,Computers,2,1700.0,02/07/25 19:23,"3073 Kramer Walk, Boston, MA"
733265,Bose SoundSport Headphones,Electronics,2,99.99,04/05/25 18:34,"466 Mcgee Viaduct Suite 778, San Francisco, CA"
662215,Bose SoundSport Headphones,Electronics,4,99.99,04/19/25 12:10,"774 Peter Corners Suite 175, Los Angeles, CA"
976364,ThinkPad Laptop,Computers,4,999.99,12/23/24 12:21,"16218 John Orchard, Boston, MA"
185152,Macbook Pro Laptop,Computers,3,1700.0,04/10/25 18:57,"3220 Rice Hollow Apt. 861, Austin, TX"
858647,USB-C Charging Cable,Accessories,4,11.95,01/01/25 19:21,"433 Patton Stream, Atlanta, GA"
772364,iPhone,Phones,1,700.0,05/16/25 09:29,"914 Garrett Crossing, Los Angeles, CA"
698637,Google Phone,Phones,5,600.0,02/18/25 17:23,"4362 Phillips Corners, Dallas, TX"
422002,AAA Batteries (4-pack),Electronics,5,2.99,01/01/25 15:23,"166 Christensen Harbor Apt. 671, Atlanta, GA"
361155,AA Batteries (4-pack),Electronics,2,3.84,01/13/25 09:46,"003 Henderson Radial, Austin, TX"
373659,Wired Headphones,Electronics,1,11.99,01/31/25 18:10,"822 Lester Squares Apt. 944, Los Angeles, CA"
563393,AAA Batteries (4-pack),Electronics,1,2.99,12/30/24 22:47,"4520 Margaret Trail, Boston, MA"
474008,Bose SoundSport Headphones,Electronics,2,99.99,03/23/25 00:57,"3839 Alexis Vista, Austin, TX"
268954,ThinkPad Laptop,Computers,1,999.99,01/08/25 06:11,"465 Terry Plaza, Austin, TX"
331585,USB-C Charging Cable,Accessories,1,11.95,12/10/24 04:10,"6708 William Streets, Los Angeles, CA"
808707,27in 4K Gaming Monitor,Monitors,2,399.99,03/21/25 11:46,"612 Stark Village Suite 650, Dallas, TX"
132884,27in 4K Gaming Monitor,Monitors,5,399.99,01/03/25 13:54,"444 Rebecca Walk Suite 755, San Francisco, CA"
260876,Bose SoundSport Headphones,Electronics,3,99.99,01/01/25 22:54,"64447 Cabrera Loaf Apt. 609, San Francisco, CA"
300565,27in 4K Gaming Monitor,Monitors,5,399.99,11/22/24 08:28,"331 Daniel Well Suite 838, New York, NY"
652193,27in 4K Gaming Monitor,Monitors,1,399.99,12/21/24 11:52,"4113 Potter Road Suite 188, Seattle, WA"
414859,AA Batteries (4-pack),Electronics,4,3.84,12/01/24 09:38,"485 Stevenson Mews, San Francisco, CA"
425275,AAA Batteries (4-pack),Electronics,2,2.99,04/16/25 11:13,"572 Pierce Rest Apt. 080, New York, NY"
935580,27in 4K Gaming Monitor,Monitors,3,399.99,03/24/25 05:14,"61232 Kristen Throughway Apt. 893, Chicago, IL"
937676,34in Ultrawide Monitor,Monitors,2,379.99,02/20/25 17:55,"0197 Brown Mews, Los Angeles, CA"
512084,Lightning Charging Cable,Accessories,2,14.95,04/29/25 22:36,"7215 Lynch Ramp, Seattle, WA"
634336,iPhone,Phones,4,700.0,01/02/25 00:18,"3843 Cooper Drive, Dallas, TX"
734319,Wired Headphones,Electronics,4,11.99,12/13/24 19:52,"2234 Baker Grove, Austin, TX"
156701,AA Batteries (4-pack),Electronics,1,3.84,01/09/25 16:42,"36831 Gregory Spur Suite 414, Seattle, WA"
736650,Wired Headphones,Electronics,1,11.99,01/31/25 07:25,"6704 Daisy Lights, New York, NY"
172745,USB-C Charging Cable,Accessories,3,11.95,12/26/24 09:43,"0458 Miller Course Apt. 102, Atlanta, GA"
541896,Wired Headphones,Electronics,4,11.99,11/29/24 00:01,"0089 Johnson Drive, Boston, MA"
748413,34in Ultrawide Monitor,Monitors,5,379.99,01/18/25 17:15,"5166 Bonilla Dale, Chicago, IL"
459084,Wired Headphones,Electronics,1,11.99,11/24/24 11:00,"141 Petersen Motorway Suite 895, New York, NY"
895442,AAA Batteries (4-pack),Electronics,5,2.99,02/12/25 12:16,"PSC 9388, San Francisco, CA"
484337,Lightning Charging Cable,Accessories,1,14.95,12/31/24 03:31,"0909 Adkins Underpass Apt. 402, Chicago, IL"
943639,Macbook Pro Laptop,Computers,2,1700.0,12/08/24 20:29,"2130 Mcneil Loaf Apt. 837, Atlanta, GA"
449598,Apple Airpods Headphones,Electronics,1,150.0,03/12/25 10:36,"26857 Angela Point Suite 423, Atlanta, GA"
344209,Wired Headphones,Electronics,4,11.99,04/07/25 18:43,"353 Arnold Forge Suite 607, San Francisco, CA"
614083,iPhone,Phones,3,700.0,01/25/25 03:33,"063 Green Common, Boston, MA"
972405,Lightning Charging Cable,Accessories,2,14.95,03/11/25 15:47,"95136 Michael Stravenue, New York, NY"
155513,34in Ultrawide Monitor,Monitors,2,379.99,03/31/25 19:06,"PSC 8055, Dallas, TX"
578400,Lightning Charging Cable,Accessories,4,14.95,05/02/25 20:28,"800 Kimberly Corners, Dallas, TX"
258299,Lightning Charging Cable,Accessories,1,14.95,01/22/25 23:12,"PSC 9466, Chicago, IL"
492721,Google Phone,Phones,5,600.0,03/09/25 13:20,"18038 Sara Fords, Dallas, TX"
103017,27in 4K Gaming Monitor,Monitors,1,399.99,11/30/24 12:13,"2522 Hernandez Groves Apt. 826, New York, NY"
355615,Apple Airpods Headphones,Electronics,1,150.0,11/28/24 08:29,"32159 Pollard Harbor Suite 920, Austin, TX"
813462,Google Phone,Phones,4,600.0,01/19/25 04:14,"6125 Alvarez Ville Apt. 605, San Francisco, CA"
241614,34in Ultrawide Monitor,Monitors,5,379.99,01/26/25 07:15,"096 Jeremy Lodge Apt. 308, Seattle, WA"
844475,ThinkPad Laptop,Computers,1,999.99,04/19/25 13:13,"322 Mark Courts Suite 323, San Francisco, CA"
645854,iPhone,Phones,1,700.0,01/10/25 01:43,"6939 Connie Neck Apt. 850, Atlanta, GA"
163380,Lightning Charging Cable,Accessories,5,14.95,03/27/25 20:15,"8466 Cox Branch, Atlanta, GA"
439704,USB-C Charging Cable,Accessories,5,11.95,03/30/25 07:56,"09712 Coleman Center, San Francisco, CA"
856819,ThinkPad Laptop,Computers,4,999.99,01/08/25 23:35,"73703 Clark Harbor Apt. 453, Atlanta, GA"
842709,ThinkPad Laptop,Computers,5,999.99,03/06/25 17:25,"71770 Bridges Underpass, Seattle, WA"
805339,AA Batteries (4-pack),Electronics,1,3.84,03/13/25 22:03,"4349 Mccullough Crest, Atlanta, GA"
337808,Wired Headphones,Electronics,3,11.99,04/27/25 13:16,"8133 Jonathan Summit, Atlanta, GA"
620679,AAA Batteries (4-pack),Electronics,5,2.99,11/26/24 15:58,"3362 Miller Ports, San Francisco, CA"
822691,USB-C Charging Cable,Accessories,4,11.95,01/04/25 17:11,"389 Vasquez Creek, New York, NY"
830899,iPhone,Phones,2,700.0,04/18/25 11:01,"08810 Adams Harbors, Austin, TX"
349031,Apple Airpods Headphones,Electronics,4,150.0,12/13/24 15:49,"9000 David Shores Apt. 801, Los Angeles, CA"
932446,Bose SoundSport Headphones,Electronics,3,99.99,02/25/25 11:22,"38455 Nicole Ports Suite 465, New York, NY"
565574,iPhone,Phones,2,700.0,04/01/25 22:56,"92562 Tammie Fork Suite 418, Los Angeles, CA"
408049,AAA Batteries (4-pack),Electronics,3,2.99,02/20/25 06:26,"004 Larry Lodge Suite 181, Seattle, WA"
698698,Bose SoundSport Headphones,Electronics,2,99.99,02/12/25 07:06,"85010 Linda Overpass, Chicago, IL"
389085,Bose SoundSport Headphones,Electronics,5,99.99,01/22/25 14:24,"30352 White Summit, Dallas, TX"
784165,iPhone,Phones,4,700.0,12/02/24 23:14,"4791 Jennifer Fall Apt. 408, Dallas, TX"
828269,AA Batteries (4-pack),Electronics,4,3.84,03/26/25 18:28,"921 Powers Keys, Seattle, WA"
502937,USB-C Charging Cable,Accessories,1,11.95,12/11/24 04:29,"1988 Stephanie Well Suite 853, New York, NY"
394228,Wired Headphones,Electronics,5,11.99,04/17/25 17:20,"USNV Pratt, Los Angeles, CA"
441102,USB-C Charging Cable,Accessories,4,11.95,03/06/25 02:52,"40498 Paul Springs, Chicago, IL"
632962,USB-C Charging Cable,Accessories,5,11.95,02/12/25 04:29,"276 Greg Unions Apt. 042, Los Angeles, CA"
915884,Bose SoundSport Headphones,Electronics,3,99.99,02/12/25 20:41,"4352 Daniel Camp Suite 267, Austin, TX"
731263,27in 4K Gaming Monitor,Monitors,5,399.99,12/01/24 02:16,"0435 Johnson Fork Apt. 083, New York, NY"
949080,34in Ultrawide Monitor,Monitors,2,379.99,11/26/24 23:17,"05123 Taylor Stream Apt. 230, San Francisco, CA"
483885,Google Phone,Phones,3,600.0,01/12/25 16:31,"849 Baker Brooks, Los Angeles, CA"
316603,AA Batteries (4-pack),Electronics,5,3.84,01/19/25 22:15,"7656 Smith Cape Apt. 690, Atlanta, GA"
556939,Macbook Pro Laptop,Computers,4,1700.0,03/17/25 22:59,"596 Molly Cliff Apt. 169, Austin, TX"
421387,Apple Airpods Headphones,Electronics,1,150.0,04/15/25 18:57,"360 Bailey Rapids Apt. 028, Seattle, WA"
345114,AAA Batteries (4-pack),Electronics,4,2.99,12/15/24 16:23,"PSC 3661, Chicago, IL"
302445,Wired Headphones,Electronics,4,11.99,05/06/25 18:22,"246 Greene Plains, Atlanta, GA"
911608,Apple Airpods Headphones,Electronics,5,150.0,03/10/25 21:45,"13191 Andrew Path Apt. 325, Los Angeles, CA"
330635,27in 4K Gaming Monitor,Monitors,1,399.99,05/15/25 14:21,"90214 Gregory Underpass Apt. 381, Atlanta, GA"
752185,ThinkPad Laptop,Computers,2,999.99,04/16/25 02:55,"3580 Hensley Tunnel Apt. 137, New York, NY"
515251,Wired Headphones,Electronics,1,11.99,01/15/25 19:42,"7830 Sherman Light, Chicago, IL"
676350,34in Ultrawide Monitor,Monitors,4,379.99,12/26/24 10:28,"10955 George Court, Seattle, WA"
468907,Bose SoundSport Headphones,Electronics,2,99.99,04/10/25 17:32,"4403 Sergio Point, Dallas, TX"
603325,Lightning Charging Cable,Accessories,1,14.95,02/11/25 00:18,"83239 Nancy Falls, Atlanta, GA"
124297,ThinkPad Laptop,Computers,3,999.99,12/21/24 10:22,"5570 Dana Locks Apt. 632, Los Angeles, CA"
381301,Google Phone,Phones,1,600.0,12/16/24 22:16,"USNS Ortega, Dallas, TX"
346087,Wired Headphones,Electronics,1,11.99,01/21/25 16:45,"7088 Jonathan Field, Boston, MA"
657234,Google Phone,Phones,2,600.0,12/21/24 08:33,"3797 Jonathan Locks, Boston, MA"
607578,Wired Headphones,Electronics,3,11.99,03/25/25 07:23,"5017 Trujillo Throughway, Atlanta, GA"
922202,ThinkPad Laptop,Computers,3,999.99,02/17/25 19:22,"40203 Patricia Lights, Dallas, TX"
949368,iPhone,Phones,3,700.0,03/03/25 02:24,"3848 Peter Hills, Chicago, IL"
636305,27in 4K Gaming Monitor,Monitors,1,399.99,01/13/25 19:34,"38856 Brittany Wells Apt. 842, Los Angeles, CA"
787063,Macbook Pro Laptop,Computers,1,1700.0,02/13/25 07:14,"8614 Fox Lock Suite 659, Los Angeles, CA"
774715,Apple Airpods Headphones,Electronics,4,150.0,05/13/25 22:33,"09382 Shirley Plaza, Boston, MA"
165783,iPhone,Phones,3,700.0,01/17/25 17:00,"2404 Krystal Courts Suite 415, Dallas, TX"
445988,AA Batteries (4-pack),Electronics,1,3.84,03/13/25 09:55,"660 Laura Parkways, Austin, TX"
206235,27in 4K Gaming Monitor,Monitors,4,399.99,01/22/25 19:50,"34037 Brett Street Suite 121, Boston, MA"
149756,ThinkPad Laptop,Computers,3,999.99,05/05/25 06:34,"565 Taylor Springs Suite 873, Austin, TX"
231848,Macbook Pro Laptop,Computers,3,1700.0,12/22/24 18:12,"581 Corey Extension, Austin, TX"
719742,iPhone,Phones,3,700.0,04/23/25 18:21,"3445 Garcia Circle, Atlanta, GA"
813651,USB-C Charging Cable,Accessories,5,11.95,11/30/24 00:59,"228 Smith Trail, Dallas, TX"
539587,Apple Airpods Headphones,Electronics,1,150.0,04/28/25 22:29,"PSC 4213, Seattle, WA"
158303,Wired Headphones,Electronics,3,11.99,01/01/25 12:09,"31321 Daniel Extension Suite 776, Los Angeles, CA"
116199,AA Batteries (4-pack),Electronics,2,3.84,02/24/25 23:02,"243 Wilson Prairie, Seattle, WA"
155232,27in 4K Gaming Monitor,Monitors,1,399.99,12/27/24 01:27,"66386 Fields Mills, Austin, TX"
209606,USB-C Charging Cable,Accessories,3,11.95,04/26/25 20:22,"576 Brooks Groves Apt. 075, Seattle, WA"
101211,Lightning Charging Cable,Accessories,1,14.95,12/03/24 18:04,"4323 Carlos Alley, Austin, TX"
280456,AA Batteries (4-pack),Electronics,2,3.84,11/23/24 07:55,"5730 Richard Motorway, San Francisco, CA"
324773,AA Batteries (4-pack),Electronics,4,3.84,11/22/24 07:25,"632 Weiss Corners, Chicago, IL"
706453,Lightning Charging Cable,Accessories,4,14.95,12/24/24 17:56,"94105 Leah Knoll, San Francisco, CA"
960395,USB-C Charging Cable,Accessories,4,11.95,05/04/25 09:26,"32610 Garcia Track Suite 231, Dallas, TX"
108550,Macbook Pro Laptop,Computers,1,1700.0,01/01/25 17:24,"8493 Thomas Tunnel Apt. 499, Dallas, TX"
636326,34in Ultrawide Monitor,Monitors,1,379.99,05/05/25 11:48,"12312 Aaron Hill, Dallas, TX"
764131,ThinkPad Laptop,Computers,3,999.99,04/29/25 19:59,"844 Cameron Tunnel, Dallas, TX"
706560,Bose SoundSport Headphones,Electronics,1,99.99,05/12/25 04:37,"14843 John Lodge Suite 672, Dallas, TX"
140185,Google Phone,Phones,1,600.0,04/22/25 09:34,"PSC 3934, Atlanta, GA"
655097,Apple Airpods Headphones,Electronics,5,150.0,04/08/25 23:33,"94856 Peterson Skyway, Dallas, TX"
599307,AAA Batteries (4-pack),Electronics,2,2.99,02/03/25 09:34,"705 Dalton Tunnel, San Francisco, CA"
846455,USB-C Charging Cable,Accessories,1,11.95,01/16/25 14:01,"1149 Jennifer Walks, Dallas, TX"
798005,Macbook Pro Laptop,Computers,2,1700.0,04/25/25 09:19,"2317 Elizabeth Fort Apt. 635, San Francisco, CA"
825354,AA Batteries (4-pack),Electronics,2,3.84,04/17/25 16:44,"620 Humphrey Flat, Atlanta, GA"
377282,AA Batteries (4-pack),Electronics,3,3.84,03/26/25 04:38,"5046 Michael Underpass, Atlanta, GA"
794812,34in Ultrawide Monitor,Monitors,1,379.99,12/09/24 16:07,"968 Jay Camp Suite 024, Chicago, IL"
998334,AA Batteries (4-pack),Electronics,1,3.84,05/11/25 08:58,"0389 Garrett Fords, Chicago, IL"
919190,27in 4K Gaming Monitor,Monitors,2,399.99,05/12/25 01:48,"097 James Road, Atlanta, GA"
134537,AA Batteries (4-pack),Electronics,2,3.84,12/30/24 22:15,"7121 Hooper Courts Apt. 798, Atlanta, GA"
685386,34in Ultrawide Monitor,Monitors,1,379.99,01/13/25 20:49,"3790 Clark Cliff Apt. 059, New York, NY"
425914,AA Batteries (4-pack),Electronics,5,3.84,02/27/25 15:15,"24334 William Mills Suite 385, San Francisco, CA"
196714,Apple Airpods Headphones,Electronics,5,150.0,03/31/25 00:07,"38755 Hurley Pass, New York, NY"
392716,AAA Batteries (4-pack),Electronics,3,2.99,04/14/25 07:43,"88923 Cooper Burg, Austin, TX"
370126,Wired Headphones,Electronics,1,11.99,01/15/25 12:59,"848 Ellison Isle Suite 288, Atlanta, GA"
907382,ThinkPad Laptop,Computers,1,999.99,04/02/25 15:58,"979 Lisa Tunnel, San Francisco, CA"
907920,AAA Batteries (4-pack),Electronics,3,2.99,01/06/25 11:44,"7913 Harris Lock Apt. 939, New York, NY"
345608,Apple Airpods Headphones,Electronics,3,150.0,12/20/24 17:51,"69336 Cooper Islands Suite 522, Dallas, TX"
868869,AAA Batteries (4-pack),Electronics,1,2.99,03/02/25 17:35,"97349 Crystal Mount, Dallas, TX"
527820,Bose SoundSport Headphones,Electronics,4,99.99,02/05/25 18:22,"30250 Jimenez Skyway Suite 740, Atlanta, GA"
262352,ThinkPad Laptop,Computers,1,999.99,05/11/25 05:19,"03907 Wiggins Divide Apt. 289, Dallas, TX"
108576,AAA Batteries (4-pack),Electronics,4,2.99,03/05/25 05:24,"81666 Lee Mission Suite 773, Dallas, TX"
645868,Bose SoundSport Headphones,Electronics,1,99.99,01/27/25 01:43,"437 Rice Overpass, Atlanta, GA"
334152,Wired Headphones,Electronics,5,11.99,12/08/24 05:49,"PSC 2749, San Francisco, CA"
713081,iPhone,Phones,1,700.0,02/28/25 13:47,"6759 Carney Neck, Boston, MA"
132661,ThinkPad Laptop,Computers,1,999.99,12/12/24 11:37,"95246 Holt Dam Apt. 312, Dallas, TX"
985856,Apple Airpods Headphones,Electronics,3,150.0,01/30/25 03:14,"456 Molina Rest Suite 105, Dallas, TX"
822372,Lightning Charging Cable,Accessories,2,14.95,05/04/25 17:20,"Unit 8455 Box 2942, Atlanta, GA"
548660,iPhone,Phones,2,700.0,01/17/25 08:55,"98881 Smith Plains, Los Angeles, CA"
364466,Apple Airpods Headphones,Electronics,5,150.0,01/21/25 06:26,"34346 Olson Neck Apt. 177, Chicago, IL"
563081,34in Ultrawide Monitor,Monitors,5,379.99,02/23/25 22:06,"0549 Timothy Road Suite 804, Chicago, IL"
898091,AA Batteries (4-pack),Electronics,4,3.84,12/22/24 17:14,"PSC 7302, Austin, TX"
877895,USB-C Charging Cable,Accessories,1,11.95,01/09/25 11:10,"PSC 9723, Atlanta, GA"
683854,Wired Headphones,Electronics,1,11.99,12/30/24 19:10,"4449 Wells Views Apt. 780, Dallas, TX"
568983,Wired Headphones,Electronics,5,11.99,04/27/25 01:25,"6856 Morgan Junction, Los Angeles, CA"
754558,Bose SoundSport Headphones,Electronics,3,99.99,01/15/25 00:57,"5224 Sue View Suite 709, Los Angeles, CA"
981549,iPhone,Phones,4,700.0,04/12/25 22:14,"3352 Robert Knolls Apt. 735, Austin, TX"
420892,ThinkPad Laptop,Computers,1,999.99,05/05/25 07:51,"5819 Malik Crossroad, Boston, MA"
601072,AA Batteries (4-pack),Electronics,5,3.84,12/03/24 14:28,"3883 Peters Well, Dallas, TX"
447694,Apple Airpods Headphones,Electronics,3,150.0,04/21/25 09:21,"301 Tiffany Villages, Los Angeles, CA"
768854,iPhone,Phones,2,700.0,04/02/25 19:48,"71034 Rebecca Freeway, Los Angeles, CA"
799028,Google Phone,Phones,1,600.0,05/02/25 11:29,"Unit 8149 Box 8387, Boston, MA"
368100,Google Phone,Phones,3,600.0,01/06/25 20:39,"PSC 2532, Dallas, TX"
676216,Macbook Pro Laptop,Computers,5,1700.0,12/01/24 18:06,"2602 Robles Lock Apt. 964, San Francisco, CA"
562765,34in Ultrawide Monitor,Monitors,2,379.99,03/18/25 17:25,"665 Kimberly Spring, Los Angeles, CA"
319052,ThinkPad Laptop,Computers,3,999.99,02/27/25 00:13,"77094 Christensen Tunnel, San Francisco, CA"
177083,Wired Headphones,Electronics,3,11.99,01/07/25 12:39,"5332 Lindsay Villages, San Francisco, CA"
180944,Wired Headphones,Electronics,2,11.99,12/11/24 22:21,"22231 Miranda Mews Apt. 666, Atlanta, GA"
891728,Wired Headphones,Electronics,5,11.99,03/10/25 20:59,"9440 Katie Parkway Apt. 442, Atlanta, GA"
315095,Lightning Charging Cable,Accessories,2,14.95,03/19/25 22:11,"4250 Rodriguez Valleys Apt. 280, San Francisco, CA"
244462,USB-C Charging Cable,Accessories,1,11.95,12/11/24 06:05,"015 Travis Spring, Dallas, TX"
806679,27in 4K Gaming Monitor,Monitors,1,399.99,05/18/25 23:13,"02278 Warner Shore, Atlanta, GA"
522224,iPhone,Phones,3,700.0,01/16/25 13:22,"83414 Ashley Station Apt. 463, Austin, TX"
588285,27in 4K Gaming Monitor,Monitors,3,399.99,01/27/25 14:22,"7887 Williams Village, Seattle, WA"
887286,USB-C Charging Cable,Accessories,1,11.95,05/05/25 07:12,"965 Soto Heights, Chicago, IL"
194970,AA Batteries (4-pack),Electronics,4,3.84,01/30/25 13:12,"325 Mann Lakes, Austin, TX"
768116,ThinkPad Laptop,Computers,4,999.99,02/24/25 02:49,"60783 Sandra Haven Apt. 037, Chicago, IL"
266376,AAA Batteries (4-pack),Electronics,5,2.99,02/07/25 04:15,"70980 Jamie Corner Apt. 630, San Francisco, CA"
457219,Apple Airpods Headphones,Electronics,1,150.0,01/18/25 09:08,"448 Deanna Drive Suite 254, Austin, TX"
358178,USB-C Charging Cable,Accessories,2,11.95,12/13/24 01:01,"0700 Lori Flats, Boston, MA"
527746,Bose SoundSport Headphones,Electronics,3,99.99,03/11/25 12:31,"USNS Compton, Los Angeles, CA"
149289,Macbook Pro Laptop,Computers,2,1700.0,03/17/25 01:37,"31110 Lisa Village Suite 474, Austin, TX"
365071,Bose SoundSport Headphones,Electronics,4,99.99,02/07/25 10:02,"470 Michael Trafficway, Atlanta, GA"
249035,USB-C Charging Cable,Accessories,5,11.95,01/24/25 13:14,"51922 Katherine Streets Apt. 907, Los Angeles, CA"
154600,Google Phone,Phones,1,600.0,01/29/25 12:12,"2993 Jennifer Route Suite 907, Dallas, TX"
676299,USB-C Charging Cable,Accessories,3,11.95,11/21/24 09:42,"172 Thomas Square, New York, NY"
433228,USB-C Charging Cable,Accessories,4,11.95,01/14/25 11:14,"Unit 7951 Box 2171, San Francisco, CA"
372293,iPhone,Phones,5,700.0,02/26/25 10:04,"51390 Kimberly Meadow Suite 335, San Francisco, CA"
913975,Macbook Pro Laptop,Computers,3,1700.0,03/23/25 21:50,"035 Mathew Locks Suite 965, Seattle, WA"
422802,27in 4K Gaming Monitor,Monitors,5,399.99,04/10/25 00:21,"8745 Wyatt Pike Suite 682, Chicago, IL"
836446,Macbook Pro Laptop,Computers,5,1700.0,01/13/25 13:04,"67641 Blackburn Via Suite 503, New York, NY"
321146,USB-C Charging Cable,Accessories,4,11.95,01/25/25 07:44,"700 James Station, San Francisco, CA"
610358,AAA Batteries (4-pack),Electronics,1,2.99,03/30/25 22:31,"382 Clarke Street Apt. 641, Seattle, WA"
789577,Apple Airpods Headphones,Electronics,3,150.0,12/14/24 22:47,"31712 Thomas Summit Suite 973, San Francisco, CA"
131233,Google Phone,Phones,5,600.0,12/23/24 12:50,"20571 Hill Summit Apt. 331, Seattle, WA"
954179,Bose SoundSport Headphones,Electronics,4,99.99,04/14/25 18:44,"358 Michelle Place, Dallas, TX"
300097,Apple Airpods Headphones,Electronics,5,150.0,04/09/25 15:58,"96557 Lauren Falls Apt. 136, Austin, TX"
313470,34in Ultrawide Monitor,Monitors,1,379.99,01/30/25 04:06,"912 Ann Estate Suite 022, Los Angeles, CA"
716850,Google Phone,Phones,4,600.0,02/21/25 06:14,"2604 Martinez Extension, Chicago, IL"
441289,iPhone,Phones,4,700.0,02/11/25 17:06,"878 Pierce Flat Apt. 699, San Francisco, CA"
649809,ThinkPad Laptop,Computers,4,999.99,03/21/25 06:44,"60989 Gallegos Light, Los Angeles, CA"
696003,iPhone,Phones,5,700.0,12/30/24 16:08,"4456 Michele Islands, Dallas, TX"
766330,27in 4K Gaming Monitor,Monitors,5,399.99,01/04/25 00:33,"055 Martin Shoal Suite 870, Seattle, WA"
796165,AA Batteries (4-pack),Electronics,4,3.84,05/10/25 06:33,"375 Amanda Cove, Chicago, IL"
680554,ThinkPad Laptop,Computers,5,999.99,03/23/25 08:40,"595 Rodgers Cape, San Francisco, CA"
733408,Lightning Charging Cable,Accessories,5,14.95,11/30/24 08:40,"88008 Mejia Summit Suite 926, Los Angeles, CA"
212427,Apple Airpods Headphones,Electronics,4,150.0,03/02/25 22:14,"898 Morales Fords Suite 413, Seattle, WA"
274325,27in 4K Gaming Monitor,Monitors,3,399.99,04/03/25 06:51,"96271 Howell Harbors, Austin, TX"
262827,34in Ultrawide Monitor,Monitors,4,379.99,01/24/25 14:40,"5787 Miller Causeway Apt. 965, Seattle, WA"
354198,AA Batteries (4-pack),Electronics,2,3.84,02/10/25 12:50,"588 Booth Wells Suite 683, Seattle, WA"
183055,34in Ultrawide Monitor,Monitors,2,379.99,04/03/25 03:55,"2094 Lynn Fall Suite 109, Dallas, TX"
868190,Bose SoundSport Headphones,Electronics,5,99.99,01/27/25 08:07,"442 Hanson Extension Apt. 805, Austin, TX"
738640,ThinkPad Laptop,Computers,5,999.99,04/01/25 14:40,"3720 Crystal Bypass Apt. 518, Dallas, TX"
563908,Lightning Charging Cable,Accessories,1,14.95,03/31/25 02:45,"29437 Mckee Streets Suite 607, Los Angeles, CA"
431454,27in 4K Gaming Monitor,Monitors,5,399.99,04/23/25 06:42,"9267 Donna Junctions Suite 355, Seattle, WA"
845547,34in Ultrawide Monitor,Monitors,1,379.99,04/23/25 09:56,"PSC 0086, Boston, MA"
789920,Bose SoundSport Headphones,Electronics,2,99.99,12/18/24 01:07,"33404 Elizabeth Rest Apt. 796, Boston, MA"
754014,AA Batteries (4-pack),Electronics,1,3.84,12/31/24 05:57,"81797 Chambers Canyon, Dallas, TX"
166060,ThinkPad Laptop,Computers,3,999.99,01/29/25 21:26,"5284 Velasquez Forest Apt. 643, Los Angeles, CA"
151181,Lightning Charging Cable,Accessories,5,14.95,02/22/25 14:33,"27909 Kevin Shoal Suite 078, Seattle, WA"
235230,ThinkPad Laptop,Computers,3,999.99,05/04/25 18:49,"774 Lambert Plains Suite 174, Chicago, IL"
254473,AA Batteries (4-pack),Electronics,3,3.84,03/23/25 12:57,"74805 Gregory Square, Chicago, IL"
689457,AA Batteries (4-pack),Electronics,5,3.84,04/25/25 11:02,"USNV Turner, San Francisco, CA"
870785,AAA Batteries (4-pack),Electronics,2,2.99,01/13/25 18:24,"92926 Sawyer Mountain, Austin, TX"
269631,Lightning Charging Cable,Accessories,1,14.95,05/11/25 20:39,"883 Davis Ville, Seattle, WA"
915449,AA Batteries (4-pack),Electronics,3,3.84,01/30/25 05:32,"05609 Osborn Meadows Suite 725, Austin, TX"
667755,iPhone,Phones,4,700.0,05/17/25 07:28,"92814 James Brooks, Seattle, WA"
568949,Bose SoundSport Headphones,Electronics,4,99.99,04/13/25 06:48,"5845 Stephanie Extensions, Atlanta, GA"
730260,Lightning Charging Cable,Accessories,5,14.95,03/18/25 17:06,"87830 Gray Fords Suite 675, San Francisco, CA"
687144,Macbook Pro Laptop,Computers,3,1700.0,01/09/25 12:01,"894 Santos Mountains Suite 645, New York, NY"
404315,Apple Airpods Headphones,Electronics,3,150.0,05/03/25 07:21,"USS Newman, Atlanta, GA"
348072,Apple Airpods Headphones,Electronics,2,150.0,11/30/24 00:03,"1233 Steven Pike Apt. 353, Los Angeles, CA"
390473,iPhone,Phones,1,700.0,04/01/25 13:13,"5966 Tina Highway, Austin, TX"
748374,AA Batteries (4-pack),Electronics,5,3.84,05/08/25 13:28,"283 Wright Streets, Atlanta, GA"
682003,Bose SoundSport Headphones,Electronics,5,99.99,03/01/25 21:43,"143 Baker Lake Suite 842, Los Angeles, CA"
471705,Apple Airpods Headphones,Electronics,5,150.0,04/14/25 09:53,"486 Debra Ways, Chicago, IL"
449702,Wired Headphones,Electronics,4,11.99,01/11/25 02:23,"95492 Parks Estate Apt. 553, Los Angeles, CA"
782574,Bose SoundSport Headphones,Electronics,3,99.99,03/12/25 13:57,"968 Reginald Glens Apt. 088, Austin, TX"
178074,AAA Batteries (4-pack),Electronics,1,2.99,01/01/25 11:07,"6363 David Circles, Austin, TX"
768387,Google Phone,Phones,4,600.0,04/17/25 21:48,"8563 Hall Prairie Suite 786, New York, NY"
696852,USB-C Charging Cable,Accessories,2,11.95,11/20/24 04:51,"141 Peters Vista Apt. 308, Seattle, WA"
616747,Macbook Pro Laptop,Computers,2,1700.0,01/26/25 09:41,"31514 Roberts Mall Apt. 616, Dallas, TX"
444851,AAA Batteries (4-pack),Electronics,4,2.99,03/17/25 19:57,"794 Christopher Crest, Los Angeles, CA"
264624,ThinkPad Laptop,Computers,3,999.99,12/06/24 07:26,"9002 Harrison Green, Dallas, TX"
197572,Bose SoundSport Headphones,Electronics,5,99.99,03/10/25 08:08,"46746 Carol Knolls Apt. 501, Atlanta, GA"
282475,AAA Batteries (4-pack),Electronics,3,2.99,11/25/24 07:54,"7169 Bass Knoll Suite 571, Dallas, TX"
267323,Apple Airpods Headphones,Electronics,4,150.0,03/20/25 04:14,"3457 Gonzalez Fork Suite 269, Chicago, IL"
255051,iPhone,Phones,3,700.0,03/07/25 19:45,"884 Peters Green, Boston, MA"
404367,Macbook Pro Laptop,Computers,5,1700.0,01/24/25 00:21,"3462 Fowler Loaf Apt. 872, Seattle, WA"
500748,27in 4K Gaming Monitor,Monitors,1,399.99,03/07/25 23:58,"7465 Gray Flat, Chicago, IL"
832258,34in Ultrawide Monitor,Monitors,3,379.99,02/01/25 07:08,"USNV Mendoza, Atlanta, GA"
416798,Wired Headphones,Electronics,1,11.99,12/29/24 07:53,"998 Wood Route, Boston, MA"
674116,Lightning Charging Cable,Accessories,4,14.95,05/08/25 11:39,"34763 Hunt Club, Dallas, TX"
855796,34in Ultrawide Monitor,Monitors,5,379.99,12/07/24 20:33,"93771 Weaver Path, Boston, MA"
906393,iPhone,Phones,1,700.0,04/14/25 21:35,"Unit 4991 Box 4717, San Francisco, CA"
721326,ThinkPad Laptop,Computers,5,999.99,04/27/25 20:35,"13798 Caleb Expressway Apt. 484, New York, NY"
328167,Bose SoundSport Headphones,Electronics,2,99.99,02/15/25 12:37,"1013 Espinoza Overpass Apt. 771, Chicago, IL"
556469,ThinkPad Laptop,Computers,5,999.99,01/16/25 03:10,"28332 Ramirez Dale Suite 876, Los Angeles, CA"
319506,Macbook Pro Laptop,Computers,4,1700.0,01/09/25 19:54,"5267 Dennis Ridge, San Francisco, CA"
255714,iPhone,Phones,3,700.0,04/23/25 17:29,"8603 Hood Skyway, Seattle, WA"
100370,ThinkPad Laptop,Computers,5,999.99,02/23/25 08:34,"USS Berry, Los Angeles, CA"
512913,Google Phone,Phones,4,600.0,05/12/25 07:03,"80475 Melissa Garden Suite 220, Dallas, TX"
839553,Google Phone,Phones,2,600.0,02/20/25 11:13,"844 Wood Centers, Chicago, IL"
182616,Lightning Charging Cable,Accessories,3,14.95,01/24/25 09:30,"9893 Mcdaniel Corners Suite 636, Chicago, IL"
270219,ThinkPad Laptop,Computers,5,999.99,01/21/25 12:02,"8660 Douglas Lane, Boston, MA"
629946,Wired Headphones,Electronics,5,11.99,04/11/25 17:12,"751 Barry Rue, Los Angeles, CA"
647700,Wired Headphones,Electronics,1,11.99,04/09/25 10:04,"Unit 4154 Box 3795, Chicago, IL"
102434,AA Batteries (4-pack),Electronics,5,3.84,01/01/25 07:11,"60142 Black Court Suite 136, New York, NY"
729237,USB-C Charging Cable,Accessories,2,11.95,02/03/25 03:07,"76644 Greer Stream, Los Angeles, CA"
484241,ThinkPad Laptop,Computers,2,999.99,01/26/25 21:08,"44610 Kramer Manor Apt. 445, Boston, MA"
695020,Apple Airpods Headphones,Electronics,4,150.0,12/31/24 07:31,"1531 Ellis Mount Suite 394, Seattle, WA"
736715,34in Ultrawide Monitor,Monitors,3,379.99,02/27/25 02:53,"48808 Bowers Stream, Seattle, WA"
100939,27in 4K Gaming Monitor,Monitors,1,399.99,05/05/25 21:09,"85461 Franklin Divide Suite 720, San Francisco, CA"
714508,Bose SoundSport Headphones,Electronics,1,99.99,04/10/25 02:25,"879 Mary Tunnel Apt. 688, Atlanta, GA"
910385,ThinkPad Laptop,Computers,3,999.99,12/30/24 20:38,"742 Collier Falls Suite 402, Atlanta, GA"
489551,iPhone,Phones,2,700.0,01/21/25 18:10,"297 Robinson Circle, San Francisco, CA"
682635,Google Phone,Phones,1,600.0,12/10/24 08:20,"9876 Tyler Spur Suite 124, Seattle, WA"
884472,AA Batteries (4-pack),Electronics,4,3.84,05/05/25 19:52,"2421 Daniels Stravenue, Boston, MA"
225188,Wired Headphones,Electronics,3,11.99,04/24/25 09:48,"92716 Carr Gateway Apt. 280, Chicago, IL"
101514,iPhone,Phones,3,700.0,02/24/25 05:42,"15527 Curtis Junction Suite 392, New York, NY"
936678,USB-C Charging Cable,Accessories,5,11.95,03/09/25 11:28,"8642 Sue Parks Suite 004, Atlanta, GA"
474311,Lightning Charging Cable,Accessories,2,14.95,04/19/25 09:26,"USCGC Hansen, San Francisco, CA"
863828,Google Phone,Phones,2,600.0,12/26/24 17:00,"18320 Michele Dale Suite 531, Seattle, WA"
162144,Bose SoundSport Headphones,Electronics,1,99.99,02/23/25 12:09,"29577 Dalton Pine Apt. 311, New York, NY"
544812,27in 4K Gaming Monitor,Monitors,1,399.99,11/20/24 16:52,"91251 Perry Motorway, Atlanta, GA"
125269,Google Phone,Phones,3,600.0,01/07/25 20:13,"14789 Sarah Land, Dallas, TX"
661031,Macbook Pro Laptop,Computers,2,1700.0,05/12/25 04:03,"573 Alyssa Gateway, Boston, MA"
445439,iPhone,Phones,2,700.0,01/25/25 00:46,"396 Fox Wells, Austin, TX"
302811,USB-C Charging Cable,Accessories,4,11.95,12/11/24 04:57,"0653 Baker Light Suite 287, Austin, TX"
535268,AA Batteries (4-pack),Electronics,1,3.84,05/14/25 19:53,"256 Michael Mission, Seattle, WA"
172156,USB-C Charging Cable,Accessories,1,11.95,02/13/25 19:01,"083 Lane Manor, New York, NY"
722278,Apple Airpods Headphones,Electronics,1,150.0,05/05/25 22:22,"899 Humphrey Neck, Austin, TX"
362392,ThinkPad Laptop,Computers,4,999.99,03/03/25 04:30,"0755 Samuel Stravenue, Boston, MA"
879431,Google Phone,Phones,4,600.0,01/20/25 17:00,"409 Lopez Summit Apt. 102, Dallas, TX"
656878,Apple Airpods Headphones,Electronics,1,150.0,12/28/24 19:41,"8278 Edwards Manor Apt. 967, Austin, TX"
383051,AA Batteries (4-pack),Electronics,2,3.84,04/05/25 13:01,"863 Denise View Suite 253, New York, NY"
639048,Wired Headphones,Electronics,5,11.99,02/23/25 08:56,"USS Ryan, Chicago, IL"
751234,Macbook Pro Laptop,Computers,5,1700.0,12/19/24 01:56,"791 Amanda Lock, New York, NY"
894669,34in Ultrawide Monitor,Monitors,5,379.99,04/16/25 13:26,"695 Charles Pines, Los Angeles, CA"
976632,Apple Airpods Headphones,Electronics,5,150.0,02/24/25 03:18,"00923 Eileen Lane Apt. 438, New York, NY"
410254,Wired Headphones,Electronics,1,11.99,01/29/25 01:59,"258 Erika Pine Apt. 805, Los Angeles, CA"
530718,Lightning Charging Cable,Accessories,3,14.95,03/10/25 07:20,"630 Kerry Terrace, Atlanta, GA"
740058,Lightning Charging Cable,Accessories,4,14.95,03/13/25 12:37,"97639 Nicholas Estates, Atlanta, GA"
593014,27in 4K Gaming Monitor,Monitors,1,399.99,12/20/24 14:33,"26980 Fields Freeway Suite 354, Seattle, WA"
656078,27in 4K Gaming Monitor,Monitors,4,399.99,03/17/25 04:49,"335 Joshua Flats Apt. 230, Los Angeles, CA"
358442,Lightning Charging Cable,Accessories,1,14.95,01/06/25 14:46,"910 Johnson Summit, Austin, TX"
726376,ThinkPad Laptop,Computers,3,999.99,05/01/25 22:42,"9391 Bell Manor, Atlanta, GA"
541992,Wired Headphones,Electronics,4,11.99,11/20/24 00:38,"47809 Williams Light, New York, NY"
198116,AAA Batteries (4-pack),Electronics,1,2.99,12/28/24 00:51,"8742 Michael Ford Apt. 744, Los Angeles, CA"
734963,USB-C Charging Cable,Accessories,3,11.95,02/22/25 21:58,"44291 Elizabeth Port Apt. 667, Los Angeles, CA"
300271,Bose SoundSport Headphones,Electronics,5,99.99,01/24/25 20:20,"12776 Dawn Circle Apt. 034, Chicago, IL"
511516,iPhone,Phones,2,700.0,05/20/25 07:07,"376 Schmitt Tunnel, Chicago, IL"
275909,AAA Batteries (4-pack),Electronics,4,2.99,03/29/25 00:18,"9959 William Crossroad, San Francisco, CA"
255142,Google Phone,Phones,3,600.0,12/07/24 04:49,"Unit 6978 Box 5622, Dallas, TX"
276785,Lightning Charging Cable,Accessories,3,14.95,03/26/25 11:30,"3881 Wendy Crescent, San Francisco, CA"
327196,AAA Batteries (4-pack),Electronics,2,2.99,05/16/25 23:23,"465 Kristin Wells Apt. 764, Los Angeles, CA"
581841,Wired Headphones,Electronics,3,11.99,12/09/24 01:10,"93847 Erin Trafficway Suite 297, Atlanta, GA"
649641,Google Phone,Phones,5,600.0,03/29/25 10:45,"USNV Murphy, Seattle, WA"
681211,USB-C Charging Cable,Accessories,4,11.95,01/06/25 19:18,"26712 Rebecca Lodge, Dallas, TX"
119176,Bose SoundSport Headphones,Electronics,3,99.99,11/22/24 21:34,"40801 Good Inlet, Dallas, TX"
477816,Macbook Pro Laptop,Computers,4,1700.0,12/09/24 03:10,"93667 Cook Spur Suite 040, Atlanta, GA"
471001,Apple Airpods Headphones,Electronics,3,150.0,01/31/25 18:27,"090 Lewis Mountains Suite 942, Seattle, WA"
750599,iPhone,Phones,3,700.0,03/03/25 22:37,"7817 Timothy Drive Apt. 180, Austin, TX"
150626,AA Batteries (4-pack),Electronics,5,3.84,12/26/24 13:44,"1787 Guerra Track, Seattle, WA"
620477,Macbook Pro Laptop,Computers,5,1700.0,02/07/25 23:54,"61772 Christopher Isle Suite 971, Dallas, TX"
515968,Bose SoundSport Headphones,Electronics,1,99.99,03/14/25 09:38,"189 Crystal Forges Suite 164, Chicago, IL"
379967,Lightning Charging Cable,Accessories,1,14.95,03/22/25 20:27,"4388 Brandi Springs Apt. 429, Los Angeles, CA"
933924,USB-C Charging Cable,Accessories,5,11.95,01/02/25 08:31,"383 Arellano Hills Apt. 737, Boston, MA"
467237,Apple Airpods Headphones,Electronics,2,150.0,01/05/25 23:41,"517 Williams Gateway Apt. 718, Seattle, WA"
451239,34in Ultrawide Monitor,Monitors,2,379.99,12/06/24 02:42,"67462 Timothy Junctions Suite 092, Austin, TX"
672361,Lightning Charging Cable,Accessories,4,14.95,02/10/25 10:41,"6672 Devin Springs, New York, NY"
684354,34in Ultrawide Monitor,Monitors,4,379.99,05/11/25 13:36,"USCGC Hernandez, Atlanta, GA"
489781,Wired Headphones,Electronics,2,11.99,12/21/24 01:01,"188 Nicholas Greens Suite 917, Chicago, IL"
839418,Bose SoundSport Headphones,Electronics,3,99.99,01/04/25 02:56,"76995 Susan Prairie Apt. 954, Boston, MA"
185640,27in 4K Gaming Monitor,Monitors,2,399.99,01/07/25 21:33,"71354 Ronald Forges Apt. 730, New York, NY"
596426,AA Batteries (4-pack),Electronics,5,3.84,01/05/25 14:21,"45652 Nancy Summit Suite 758, San Francisco, CA"
234242,AAA Batteries (4-pack),Electronics,4,2.99,02/17/25 06:53,"1274 Duffy Route, Austin, TX"
